Workbook

Sheet 修正履歴
A1: マスタ定義書
A3: 項番 | B3: Oculus Ver | C3: 修正理由 | D3: 修正対象／修正内容 | E3: 修正完了日 | F3: 修正者
A4: 1 | B4: 5.0 | C4: - | D4: 新規作成 | E4: 43081 | F4: NDLC
A5: 2 | B5: 5.0 | C5: V5開発対応 | D5: ■17_コード設定マスタ ・リストアップロードに関するコードを追加 ■34_リスト処理属性管理 ・今回の対象リストを追加 | E5: 43081 | F5: NDLC
A6: 3 | B6: 5.0 | C6: V5開発対応 | D6: ■15_リスト発行元マスタ ・Phase2時点で使用可能なリスト以外はグレーアウト→グレーアウトを解除 ■16_リスト名マスタ ・Phase2時点で使用可能なリスト以外はグレーアウト→グレーアウトを解除 ■21_リスト登録情報 ・Phase2時点で使用可能なリスト以外はグレーアウト→グレーアウトを解除 ■23_フィルタリング定義マスタ ・Phase2時点で使用可能なリスト以外はグレーアウト→グレーアウトを解除 ・B列に記載されていたpathをv4環境と同じ内容に変更 ■24_リスト切替フィルタリング設定 ・Phase2時点で使用可能なリスト以外はグレーアウト→グレーアウトを解除 ■25_部店フィルタリング設定 ・「15_リスト発行元マスタ」の変更に伴い修正 ■26_CIFファイルフィルタリング設定 ・「15_リスト発行元マスタ」の変更に伴い修正 ■28_シミュレーション定義マスタ ・「15_リスト発行元マスタ」の変更に伴い修正 ・B列に記載されていたpathをv4環境と同じ内容に変更 ■29_リスト権限マスタ ・Phase2時点で使用可能なリスト以外はグレーアウト→グレーアウトを解除 ■30_取引リスト表示管理 ・「15_リスト発行元マスタ」の変更に伴い追記 | E6: 45583 | F6: 貝塚
A7: 4 | B7: 5.0 | C7: V5開発対応 | D7: ■8_取引マスタ ・DEAL_ID No.37行追加 ■9_操作マスタ ・OPE_ID No.179、No.180行追加 ■10_実行権限マスタ ・EXEC_AUTH_ID No.63行追加 ■11_プロファイル設定 ・EXEC_AUTH_ID No.63行追加 ■40_運用ファイルアップロード管理 ・シート追加 | E7: 45595 | F7: 王セイテイ
A8: 5 | B8: 5.0 | C8: V5開発対応 | D8: ■テーブル一覧 ・「備考」欄を「設定方法」に変更 ・「運用ファイルアップロード管理」の設定方法欄を修正 ■41_IPアドレス管理 ・シート追加（V4からの復元） ■40_運用ファイルアップロード管理 ・SQLおよび比較欄の数式を修正 | E8: 45602 | F8: 齋藤奈々
A9: 6 | B9: 5.0 | C9: V5開発対応 | D9: ■35_リスト取込マスタ ・リストID:1～13を追加（ORG1リスト以外の設定） | E9: 45606 | F9: 齋藤奈々
A10: 7 | B10: 5.0 | C10: V5開発対応 | D10: ■テーブル一覧 ・AML・SIMで必要なtblを確認できるように列を追加 ■リスト登録情報 ・「FILE_UPDATE_DATE」カラムを追加 ■操作マスタ ・OPR_ID OPE_NAME 97 登録 98 解除 99 戻る 上記レコードのWIN_NAMEを「シミュレーションフィルタリング予約」→「シミュレーション予約画面」に変更 ■40_運用ファイルアップロード管理 ・「O:\TEMP\MASTER_MAINTENANCE\aml01」→「O:\TEMP\MASTER_MAINTENANCE」に変更 | E10: 45607 | F10: 貝塚瞬
A11: 8 | B11: 5.0 | C11: V5開発対応 | D11: ■15_リスト発行元マスタ ・「THRESHOLD」カラムを追加 | E11: 45608 | F11: 高 博
A12: 9 | B12: 5.0 | C12: V5開発対応 | D12: ■8_取引マスタ ・DEAL_ID:16 (共通リスト登録日照会)を不可→未使用に変更 ※廃止された画面のため ■9_操作マスタ ・OPE_ID:60 (判定済照会.判定済一覧画面.ファイル出力)を未使用→不可に変更 ・OPE_ID:83 (メニュー.共通リスト登録日照会)を不可→未使用に変更 ※廃止された画面のため ・OPE_ID:116(登録済リスト履歴一覧画面.クリア)を不可→未使用に変更 ※OPE_IDが利用されていないため ・OPE_ID:117(登録済リスト履歴一覧画面.編集)を不可→未使用に変更 ※廃止されたボタンのため ・OPE_ID:137(ホワイトリスト登録・削除画面.クリア)を不可→未使用に変更 ※OPE_IDが利用されていないため | E12: 45611 | F12: 益田 慧
A13: 10 | B13: 5.0 | C13: V5開発対応 | D13: ■32_リスト検索項目管理 ・LST＿IDが1～4,6～13の項目を追加 | E13: 45612 | F13: 貝塚 瞬
A14: 11 | B14: 5.0 | C14: V5開発対応 | D14: ■35_リスト取込マスタ ・LST_ID：6の「C:\LIST_BATCH\bin\ListFormatUp.bat MOF OFF OFF」へ修正 ・LST_ID：7の「C:\LIST_BATCH\bin\ListFormatUp.bat MOF OFF OFF」へ修正 ・LST_ID：7の「C:\LIST_BATCH\bin\MergeNames.bat PEPs_ORG.csv JP.csv OFF」を削除 ・LST_ID：8の「C:\LIST_BATCH\bin\ListFormatUp.bat JU OFF OFF」へ修正 ・LST_ID：8の「C:\LIST_BATCH\bin\MergeNames.bat UN_ORG.csv JU.csv OFF」を削除 ・LST_ID：9の「C:\LIST_BATCH\bin\ListFormatUp.bat NPA OFF OFF」へ修正 ・LST_ID：10の「C:\LIST_BATCH\bin\ListFormatUp.bat NPC OFF OFF」へ修正 ・LST_ID：11の「C:\LIST_BATCH\bin\ListFormatUp.bat NPI OFF OFF」へ修正 ・LST_ID：12の「C:\LIST_BATCH\bin\ListFormatUp.bat ASI OFF OFF」へ修正 ・LST_ID：12の「C:\LIST_BATCH\bin\GrantID.bat ASI_ORG.csv ASI.csv I」を削除 ・LST_ID：13の「C:\LIST_BATCH\bin\ListFormatUp.bat ASC OFF OFF」へ修正 ・LST_ID：13の「C:\LIST_BATCH\bin\GrantID.bat ASC_ORG.csv ASC.csv C」を削除 ・LST_ID：14の「C:\LIST_BATCH\bin\ListFormatUp.bat ORG1 OFF OFF」へ修正 | E14: 45615 | F14: 趙
A15: 12 | B15: 5.0 | C15: V5開発対応 | D15: ■14_通番管理 ・SEQ_NO_NAMEがバッチリストアップロードIDの項目を追加 | E15: 45615 | F15: 高 博
... A53: 50 | B53: 5.0 | C53: 設定不備 | D53: ■14_通番管理 「SEQ_NO_NAME」=「検索対象者一覧ファイル」の値を「一括フィルタリング」に修正 ■28_シミュレーション定義マスタ 「COMBI_FILE_BATCH」に記載したパスが間違ったため、下記のように修正。 修正前：C:\sim_filter\parm\batch\amlxx\～～ 修正後：C:\sim_filter\parm\amlxx\～～ | E53: 45673 | F53: 諸
A54: =ROW()-3 -> 51 | B54: 5.0 | C54: 画面アップロード対象のリスト設定内容変更 | D54: ■34_リスト処理属性管理 ・LST_ID=1～3、9～12、15のレコードのRSV_FLG1を1に修正。 | E54: 45691 | F54: 諸
A55: =ROW()-3 -> 52 | B55: 5.0 | C55: 登録済リスト参照画面の表示不具合対応 | D55: ■21_リスト登録情報 ・各リストのおける初期値を登録 | E55: 45692 | F55: 細井
A56: =ROW()-3 -> 53 | B56: 5.0 | C56: 「運用ファイルアップロード」画面の非表示対応 | D56: ■11_プロファイル設定 ・"EXEC_AUTH_ID=63"のレコード削除 | E56: 45715 | F56: 細井
A57: =ROW()-3 -> 54 | B57: 5.0 | C57: V5開発対応 | D57: ■14_通番管理 以下のレコードはPKG標準では不要のため削除。 ・FACTIVA_SANC ・ORG | E57: 45664 | F57: 齋藤奈々
A58: =ROW()-3 -> 55 | B58: 5.0 | C58: V5開発対応 CR-0018不具合対応 | D58: ①■10_実行権限マスタ 8_取引マスタのDEAL_ID=16(共通リスト登録日照会)を削除したのでそれに伴い下記を削除 DEAL_ID=16(共通リスト登録日照会) ②■21_リスト登録情報 LST_ID=1のレコードのHST_SAVE_MONTH=60→HST_SAVE_MONTH=12に変更 | E58: 45678 | F58: 貝塚瞬
A59: =ROW()-3 -> 56 | B59: 5.0 | C59: V5開発対応 ∟OFV5.0-CR-0018_差分フィルタリング仕様変更 | D59: ■12_ファイル属性管理 以下のカラムのデフォルト値をNからYへ変更 PAST_APPLY_TYPE、FORCE_PAST_FLAG | E59: 45673 | F59: 趙
A60: =ROW()-3 -> 57 | B60: 5.0 | C60: V5開発対応 ∟OFV5.0-CR-0019_DJ制裁者リスト夜間取込の差分対応 | D60: ■34_リスト処理属性管理 LST_ID=4のレコードのFILE_NAME=dowjones.xml→FILE_NAME=dowjones_peps.xmlに変更 | E60: 45694 | F60: 齋藤奈々
A61: =ROW()-3 -> 58 | B61: 5.0 | C61: 検索対象者中断処理対応 | D61: ■36_バッチフィルタリング中断管理 SEARCH_BAT_SAS_FLG 追加 | E61: 2024/12/26 (2025/2/13) | F61: 官 (田中 伶奈 マージ対応)
A62: =ROW()-3 -> 59 | B62: 5.0 | C62: SI設定修正 | D62: ■23_フィルタリング定義マスタ ■28_シミュレーション定義マスタ ・OFACウォッチリスト名を「OFC」⇒「OFAC」に修正 | E62: 45734 | F62: 諸
A63: =ROW()-3 -> 60 | B63: 5.0 | C63: SI設定修正 | D63: ■5_部店マスタ 「全ての部店」のUNIT_CODEを001⇒9999に修正 | E63: 45769 | F63: 細井
A64: =ROW()-3 -> 61 | B64: 5.0 | C64: 自動DLリスト連携対象リストのWEBアップロード | D64: ■34_リスト処理属性管理 LST_ID「1」、「2」、「3」、「9」、「10」、「11」、「12」のRSV_FLG1「1」⇒「0」に修正 LST_ID「9」、「10」、「11」、「12」のUPD_TYPE_SET_FLG「1」⇒「2」に修正 | E64: 45826 | F64: 田中
A65: =ROW()-3 -> 62 | B65: 5.0 | C65: V5開発対応 OFV5.0-CR-0039_未判定放置不具合 | D65: ■12_ファイル属性管理 検索対象者一覧ファイルは過去判定をする必要がないため、下記の設定値をY→Nに修正。 PAST_APPLY_TYPE, FORCE_PAST_FLAG | E65: 45771 | F65: 齋藤奈々
A66: =ROW()-3 -> 63 | B66: 5.0 | C66: リストアップロード時処理結果出力 | D66: ■34_リスト処理属性管理 LST_ID「1」、「9」、「10」、「11」、「12」のRSV_FLG2「3」⇒「2」に修正 | E66: 45828 | F66: 田中
A67: =ROW()-3 -> 64 | B67: 5.0 | C67: 利用リスト変更対応 | D67: 以下のシートに記載をJU→MOFに修正 15_リスト発行元マスタ 23_フィルタリング定義マスタ 28_シミュレーション定義マスタ 34_リスト処理属性管理 35_リスト取込マスタ | E67: 45831 | F67: 品川
A68: =ROW()-3 -> 65 | B68: 5.0 | C68: 部店変更 | D68: ■5_部店マスタ UNIT_CODE「00001」削除 UNIT_CODE「11100」、「12008」、「13606」、「91510」追加 UNIT_CODE「14800」のUNIT_NAME「ＩＣＴ推進部」⇒「ＩＴソリューション部」に修正 UNIT_CODE「14801」のUNIT_NAME「ＩＣＴ推進部セキュリティ統括室」⇒「ＩＴソリューション部セキュリティ統括室」に修正 ■25_部店フィルタリング設定 UNIT_ID「272」削除 UNIT_ID「560」「561」「562」「563」追加 | E68: 45882 | F68: 田中
A69: =ROW()-3 -> 66 | B69: 5.0 | C69: ファイル属性追加 | D69: ■10_実行権限マスタ EXEC_AUTH_ID「521」～「523」のEXEC_AUTH_NAME「一括フィルタリング」→「一括フィルタリング①」に変更 EXEC_AUTH_ID「524」～「550」を追加 ■11_プロファイル設定 PRF_ID「2」のEXEC_AUTH_ID「524」～「550」追加 PRF_ID「3」のEXEC_AUTH_ID「524」～「550」追加 PRF_ID「4」のEXEC_AUTH_ID「524」～「549」追加 ※「526」、「529」、「532」、「535」、「538」、「541」、「544」、「547」を除く PRF_ID「5」のEXEC_AUTH_ID「524」～「549」追加 ※「526」、「529」、「532」、「535」、「538」、「541」、「544」、「547」を除く ■12_ファイル属性管理 FILE_ATTR「E」のDISP_NAME「一括フィルタリング」→「一括フィルタリング①」に変更 FILE_ATTR「F」～「N」を追加 ■13_ファイル属性設定 EXEC_AUTH_ID「524」～「550」を追加 ■14_通番管理 SEQ_NO_NAME「一括フィルタリング」→「一括フィルタリング①」に変更 SEQ_NO_NAME「一括フィルタリング②～⑩」を追加 ■26_CIFファイルフィルタリング設定 FILE_ATTR「F」～「N」を追加 | E69: 45882 | F69: 田中
A70: =ROW()-3 -> 67 | B70: 5.0 | C70: 部店追加 | D70: ■5_部店マスタ UNIT_CODE「testA」、「testB」、「testC」、「testE」、「testF」追加 ■25_部店フィルタリング設定 UNIT_ID「555」「556」「557」「558」「559」追加 | E70: 45890 | F70: 三國
A71: =ROW()-3 -> 68 | B71: 5.0 | C71: プロファイル追加 | D71: ■1_プロファイルマスタ PRF_ID「8」追加 | E71: 45957 | F71: 田中
A72: =ROW()-3 -> 69 | B72: 5.0 | C72: 部店追加 | D72: ■5_部店マスタ UNIT_CODE「12009」、「13101」、「13102」、「13103」、「13815」、「13906」、「14104」、「14110」、「14201」、「14900」、「15007」、「15008」、「15009」、「99963」追加 UNIT_CODE「13902」、「13903」、「13905」、「14801」、「15005」削除 UNIT_CODE「14100」のUNIT_NAME「デジタル戦略部」⇒「リテール戦略部」に修正 UNIT_CODE「14101」のUNIT_NAME「デジタル戦略部決済ビジネス戦略室」⇒「リテール戦略部法人マーケティング室」に修正 UNIT_CODE「14102」のUNIT_NAME「デジタル戦略部マーケティング戦略室」⇒「リテール戦略部個人マーケティング室」に修正 UNIT_CODE「99962」のUNIT_NAME「コンコルディアＦＧ」⇒「横浜ＦＧ」に修正 ■25_部店フィルタリング設定 UNIT_ID「564」、「565」、「566」、「567」、「568」、「569」、「570」、「571」、「572」、「573」、「574」、「575」、「576」、「577」追加 UNIT_ID「299」、「300」、「302」、「310」、「314」削除 | E72: 46119 | F72: 阿部
A73: =ROW()-3 -> 70 | B73: 5.0 | C73: 警察庁リスト統合対応 | D73: ■24_リスト切替フィルタリング設定、25_部店フィルタリング設定、26_CIFファイルフィルタリング設定 FILTERING_DEF_ID「6」を削除 ■23_フィルタリング定義マスタ NPIのIS_ONLY_BATCHを「Y」に変更 ■29_リスト権限マスタ NPIのLIST_UPLOAD_AUTHを「N」に変更 | E73: 46125 | F73: 三國
A74: =ROW()-3 -> 71 | B74: 5.0 | C74: L&F対応 | D74: プロファイルの追加・リスト追加・部店追加について下記を修正 1_プロファイルマスタ、5_部店マスタ、10_実行権限マスタ、11_プロファイル設定、12_ファイル属性管理、13_ファイル属性設定、14_通番管理、15_リスト発行元マスタ、16_リスト名マスタ、17_コード設定マスタ、21_リスト登録情報、23_フィルタリング定義マスタ、25_部店フィルタリング設定、26_CIFファイルフィルタリング設定、28_シミュレーション定義マスタ、29_リスト権限マスタ、30_取引リスト表示管理、32_リスト検索項目管理、34_リスト処理属性管理、35_リスト取込マスタ | E74: 46252 | F74: 阿部
A75: =ROW()-3 -> 72

Sheet テーブル一覧
E1: ※基本設計書「【別冊】マスターデータ」にプログラムで固定参照する定義が存在しているもの。
B2: マスターデータ テーブル | E2: 別冊 | F2: AML | G2: SIM | H2: 設定方法
B3: 1 | C3: MST_PRF_TBL | D3: プロファイルマスタ | E3: 〇 | F3: 〇 | H3: 導入時にヒアリングで決定。
B4: 2 | C4: MST_USER_TBL | D4: ユーザマスタ | E4: 〇 | F4: 〇 | H4: PKG標準の初期登録ユーザのみ追加。
B5: 3 | C5: HST_PWD_TBL | D5: パスワード履歴 | E5: 〇 | F5: 〇 | H5: PKG標準の初期登録ユーザのみ追加。
B6: 4 | C6: MNG_CONN_TBL | D6: 接続状態管理 | E6: 〇 | F6: 〇 | H6: PKG標準の初期登録ユーザのみ追加。
B7: 5 | C7: MST_UNIT_TBL | D7: 部店マスタ | E7: 〇 | F7: 〇 | G7: 〇 | H7: 導入時にヒアリングで決定。
B8: 6 | C8: CNF_UNIT_TBL | D8: ユーザ部店設定 | E8: 〇 | F8: 〇 | H8: PKG標準の初期登録ユーザのみ追加。
B9: 7 | C9: MST_DEAL_TYPE_TBL | D9: 取引分類マスタ | E9: 〇 | F9: 〇 | H9: PKG標準は固定。
B10: 8 | C10: MST_DEAL_TBL | D10: 取引マスタ | E10: 〇 | F10: 〇 | H10: PKG標準は固定。
B11: 9 | C11: MST_OPE_TBL | D11: 操作マスタ | E11: 〇 | F11: 〇 | H11: PKG標準は固定。
B12: 10 | C12: MST_AUTH_TBL | D12: 実行権限マスタ | E12: 〇 | F12: 〇 | H12: 導入時にヒアリングで追加する項目あり。
B13: 11 | C13: CNF_PRF_TBL | D13: プロファイル設定 | E13: 〇 | F13: 〇 | H13: 導入時にヒアリングで決定。
B14: 12 | C14: FILE_ATTR_TBL | D14: ファイル属性管理 | F14: 〇 | G14: 〇 | H14: 導入時にヒアリングで決定。
B15: 13 | C15: FILE_ATTR_PRF_TBL | D15: ファイル属性設定 | F15: 〇 | H15: 導入時にヒアリングで決定。
B16: 14 | C16: MNG_SEQ_NO_TBL | D16: 通番管理 | E16: 〇 | F16: 〇 | H16: 導入時にヒアリングで追加する項目あり。
B17: 15 | C17: MST_LSTORIGIN_TBL | D17: リスト発行元マスタ | F17: 〇 | G17: 〇 | H17: 導入時にヒアリングで決定。
B18: 16 | C18: MST_LSTDESIGNATION_TBL | D18: リスト名マスタ | F18: 〇 | H18: 導入時にヒアリングで決定。
B19: 17 | C19: MST_CODE_TBL | D19: コード設定マスタ | E19: 〇 | F19: 〇 | H19: 導入時にヒアリングで決定。
B20: 18 | C20: CNF_SEC_TBL | D20: セキュリティ設定 | E20: 〇 | F20: 〇 | H20: 導入時にヒアリングで決定。
B21: 19 | C21: MST_WAREKI_SEIREKI_TBL | D21: 和暦西暦対応 | E21: 〇 | F21: 〇 | H21: PKG標準は固定。
B22: 20 | C22: MST_BUSINESS_TBL | D22: 業務マスタ | F22: 〇 | H22: 導入時にヒアリングで決定。
B23: 21 | C23: LST_REG_TBL | D23: リスト登録情報 | F23: 〇 | H23: 導入時にヒアリングしたリストに対し、初期登録が必要。
B24: 22 | C24: MST_FILTERING_LIST_TBL | D24: フィルタリング対象リストマスタ | F24: 〇 | H24: 導入時にヒアリングで決定。
B25: 23 | C25: MST_FILTERING_DEF_TBL | D25: フィルタリング定義マスタ | F25: 〇 | G25: 〇 | H25: 導入時にヒアリングで決定。
B26: 24 | C26: CNF_LIST_FILTERING_TBL | D26: リスト切替フィルタリング設定 | F26: 〇 | H26: 導入時にヒアリングで決定。
B27: 25 | C27: CNF_UNIT_FILTERING_TBL | D27: 部店フィルタリング設定 | F27: 〇 | H27: 導入時にヒアリングで決定。
B28: 26 | C28: CNF_CIF_FILE_FILTERING_TBL | D28: CIFファイルフィルタリング設定 | F28: 〇 | G28: 〇 | H28: 導入時にヒアリングで決定。
B29: 27 | C29: CNF_DIVIDE_STRINGS_TBL | D29: 分割文字列マスタ | F29: 〇 | H29: 導入時にヒアリングで決定。
B30: 28 | C30: MST_SIM_DEF_TBL | D30: シミュレーション定義マスタ | F30: 〇 | G30: 〇 | H30: 導入時にヒアリングで決定。
B31: 29 | C31: MST_LIST_AUTH_TBL | D31: リスト権限マスタ | F31: 〇 | H31: 導入時にヒアリングしたプロファイルおよびリストに対し、初期登録が必要。
B32: 30 | C32: MNG_DEAL_LIST_DSP_TBL | D32: 取引リスト表示管理 | F32: 〇 | H32: 導入時にヒアリングしたプロファイルおよびリストに対し、初期登録が必要。
B33: 31 | C33: MNG_LIST_REF_TBL | D33: リスト補足管理 | F33: 〇 | H33: 導入時にヒアリングで決定。
B34: 32 | C34: MNG_LIST_SEARCH_ITEM_TBL | D34: リスト検索項目管理 | F34: 〇 | H34: 導入時にヒアリングしたリストに対し、初期登録が必要。
B35: 33 | C35: MNG_LIST_DUPE_ITEM_TBL | D35: リスト重複チェック項目管理 | F35: 〇 | H35: PKG標準は固定。（一律登録なし）
B36: 34 | C36: MNG_LIST_ATTR_TBL | D36: リスト処理属性管理 | F36: 〇 | H36: 導入時にヒアリングしたリストに対し、初期登録が必要。
B37: 35 | C37: MST_LIST_IMP_TBL | D37: リスト取込マスタ | F37: 〇 | H37: 導入時にヒアリングしたリストに対し、初期登録が必要。
B38: 36 | C38: MNG_BAT_SUSPEND_TBL | D38: バッチフィルタリング中断管理 | F38: 〇 | H38: 処理サーバ数に合わせて、初期登録が必要。
B39: 37 | C39: CNF_NUMBERING_ASSISTANCE_CODE_TBL | D39: 採番補助コード設定 | F39: 〇 | H39: PKG標準は固定。（一律登録なしだがTBLは必要。）
B40: 38 | C40: MNG_OPE_FILE_UPLOAD_TBL | D40: 運用ファイルアップロード管理 | F40: 〇 | H40: PKG標準は固定。
B41: 39 | C41: MNG_OPE_FILE_UPLOAD_TBL | D41: IPアドレス管理 | F41: 〇 | H41: 導入時にヒアリングで決定。

Sheet 1_プロファイルマスタ
A1: パッケージ標準 | G1: 一覧へ | H1: 横浜銀行様用出荷設定 | N1: SQL | T1: PRF_ID | U1: PRF_CODE | V1: PRF_NAME | W1: PRF_TYPE | X1: LAST_UPDATE_DATE
A2: PRF_ID | B2: PRF_CODE | C2: PRF_NAME | D2: PRF_TYPE | E2: LAST_UPDATE_DATE | F2: 構築資材 | G2: 変更可否 | H2: PRF_ID | I2: PRF_CODE | J2: PRF_NAME | K2: PRF_TYPE | L2: LAST_UPDATE_DATE | N2: 固定 | O2: 固定 | P2: 固定 | Q2: 数式 | R2: 固定 | T2: 数式 | U2: 数式 | V2: 数式 | W2: 数式 | X2: 数式
A3: 1 | B3: 0001 | C3: セキュリティ管理者 | D3: K | E3: 2018/01/01 00:00:00 | F3: 〇 | G3: 不可 | H3: 1 | I3: 0001 | J3: セキュリティ管理者 | K3: K | L3: 2018/01/01 00:00:00 | N3: INSERT INTO | O3: MST_PRF_TBL | P3: VALUES( | Q3: =H3&" , "&"'"&I3&"'"&" , "&"'"&J3&"'"&" , "&"'"&K3&"'"&" , "&"to_timestamp('"&L3&"'"&" , "&"'yyyy/MM/dd hh24:mi:ss')" -> 1 , '0001' , 'セキュリティ管理者' , 'K' , to_timestamp('2018/01/01 00:00:00' , 'yyyy/MM/dd hh24:mi:ss') | R3: ); | T3: =IF(H3="","",EXACT(H3,Z3)) -> FALSE | U3: =IF(I3="","",EXACT(I3,AA3)) -> FALSE | V3: =IF(J3="","",EXACT(J3,AB3)) -> FALSE | W3: =IF(K3="","",EXACT(K3,AC3)) -> FALSE | X3: =IF(L3="","",EXACT(L3,AD3)) -> FALSE
A4: 2 | B4: 0002 | C4: 管理者(全店) | D4: K | E4: 2018/01/01 00:00:00 | F4: 〇 | G4: 可 | H4: 2 | I4: 0002 | J4: リスク管理部門（役席） | K4: K | L4: 2018/01/01 00:00:00 | N4: INSERT INTO | O4: MST_PRF_TBL | P4: VALUES( | Q4: =H4&" , "&"'"&I4&"'"&" , "&"'"&J4&"'"&" , "&"'"&K4&"'"&" , "&"to_timestamp('"&L4&"'"&" , "&"'yyyy/MM/dd hh24:mi:ss')" -> 2 , '0002' , 'リスク管理部門（役席）' , 'K' , to_timestamp('2018/01/01 00:00:00' , 'yyyy/MM/dd hh24:mi:ss') | R4: ); | T4: =IF(H4="","",EXACT(H4,Z4)) -> FALSE | U4: =IF(I4="","",EXACT(I4,AA4)) -> FALSE | V4: =IF(J4="","",EXACT(J4,AB4)) -> FALSE | W4: =IF(K4="","",EXACT(K4,AC4)) -> FALSE | X4: =IF(L4="","",EXACT(L4,AD4)) -> FALSE
A5: 3 | B5: 0003 | C5: 管理者(自店) | D5: P | E5: 2018/01/01 00:00:00 | F5: 〇 | G5: 可 | H5: 3 | I5: 0003 | J5: リスク管理部門（担当） | K5: P | L5: 2018/01/01 00:00:00 | N5: INSERT INTO | O5: MST_PRF_TBL | P5: VALUES( | Q5: =H5&" , "&"'"&I5&"'"&" , "&"'"&J5&"'"&" , "&"'"&K5&"'"&" , "&"to_timestamp('"&L5&"'"&" , "&"'yyyy/MM/dd hh24:mi:ss')" -> 3 , '0003' , 'リスク管理部門（担当）' , 'P' , to_timestamp('2018/01/01 00:00:00' , 'yyyy/MM/dd hh24:mi:ss') | R5: ); | T5: =IF(H5="","",EXACT(H5,Z5)) -> FALSE | U5: =IF(I5="","",EXACT(I5,AA5)) -> FALSE | V5: =IF(J5="","",EXACT(J5,AB5)) -> FALSE | W5: =IF(K5="","",EXACT(K5,AC5)) -> FALSE | X5: =IF(L5="","",EXACT(L5,AD5)) -> FALSE
A6: 4 | B6: 0004 | C6: 担当者(判定権限あり) | D6: P | E6: 2018/01/01 00:00:00 | F6: 〇 | G6: 可 | H6: 4 | I6: 0004 | J6: その他部門（役席） | K6: P | L6: 2018/01/01 00:00:00 | N6: INSERT INTO | O6: MST_PRF_TBL | P6: VALUES( | Q6: =H6&" , "&"'"&I6&"'"&" , "&"'"&J6&"'"&" , "&"'"&K6&"'"&" , "&"to_timestamp('"&L6&"'"&" , "&"'yyyy/MM/dd hh24:mi:ss')" -> 4 , '0004' , 'その他部門（役席）' , 'P' , to_timestamp('2018/01/01 00:00:00' , 'yyyy/MM/dd hh24:mi:ss') | R6: ); | T6: =IF(H6="","",EXACT(H6,Z6)) -> FALSE | U6: =IF(I6="","",EXACT(I6,AA6)) -> FALSE | V6: =IF(J6="","",EXACT(J6,AB6)) -> FALSE | W6: =IF(K6="","",EXACT(K6,AC6)) -> FALSE | X6: =IF(L6="","",EXACT(L6,AD6)) -> FALSE
A7: 5 | B7: 0005 | C7: 担当者(判定権限なし) | D7: P | E7: 2018/01/01 00:00:00 | F7: 〇 | G7: 可 | H7: 5 | I7: 0005 | J7: その他部門（担当） | K7: P | L7: 2018/01/01 00:00:00 | N7: INSERT INTO | O7: MST_PRF_TBL | P7: VALUES( | Q7: =H7&" , "&"'"&I7&"'"&" , "&"'"&J7&"'"&" , "&"'"&K7&"'"&" , "&"to_timestamp('"&L7&"'"&" , "&"'yyyy/MM/dd hh24:mi:ss')" -> 5 , '0005' , 'その他部門（担当）' , 'P' , to_timestamp('2018/01/01 00:00:00' , 'yyyy/MM/dd hh24:mi:ss') | R7: ); | T7: =IF(H7="","",EXACT(H7,Z7)) -> FALSE | U7: =IF(I7="","",EXACT(I7,AA7)) -> FALSE | V7: =IF(J7="","",EXACT(J7,AB7)) -> FALSE | W7: =IF(K7="","",EXACT(K7,AC7)) -> FALSE | X7: =IF(L7="","",EXACT(L7,AD7)) -> FALSE
A8: 6 | B8: 0006 | C8: シミュレーション管理者 | D8: P | E8: 2018/01/01 00:00:00 | F8: 〇 | G8: 可 | H8: 6 | I8: 0006 | J8: シミュレーション管理者 | K8: P | L8: 2018/01/01 00:00:00 | N8: INSERT INTO | O8: MST_PRF_TBL | P8: VALUES( | Q8: =H8&" , "&"'"&I8&"'"&" , "&"'"&J8&"'"&" , "&"'"&K8&"'"&" , "&"to_timestamp('"&L8&"'"&" , "&"'yyyy/MM/dd hh24:mi:ss')" -> 6 , '0006' , 'シミュレーション管理者' , 'P' , to_timestamp('2018/01/01 00:00:00' , 'yyyy/MM/dd hh24:mi:ss') | R8: ); | T8: =IF(H8="","",EXACT(H8,Z8)) -> FALSE | U8: =IF(I8="","",EXACT(I8,AA8)) -> FALSE | V8: =IF(J8="","",EXACT(J8,AB8)) -> FALSE | W8: =IF(K8="","",EXACT(K8,AC8)) -> FALSE | X8: =IF(L8="","",EXACT(L8,AD8)) -> FALSE
A9: 7 | B9: 0007 | C9: シミュレーション担当者 | D9: P | E9: 2018/01/01 00:00:00 | F9: 〇 | G9: 可 | H9: 7 | I9: 0007 | J9: シミュレーション担当者 | K9: P | L9: 2018/01/01 00:00:00 | N9: INSERT INTO | O9: MST_PRF_TBL | P9: VALUES( | Q9: =H9&" , "&"'"&I9&"'"&" , "&"'"&J9&"'"&" , "&"'"&K9&"'"&" , "&"to_timestamp('"&L9&"'"&" , "&"'yyyy/MM/dd hh24:mi:ss')" -> 7 , '0007' , 'シミュレーション担当者' , 'P' , to_timestamp('2018/01/01 00:00:00' , 'yyyy/MM/dd hh24:mi:ss') | R9: ); | T9: =IF(H9="","",EXACT(H9,Z9)) -> FALSE | U9: =IF(I9="","",EXACT(I9,AA9)) -> FALSE | V9: =IF(J9="","",EXACT(J9,AB9)) -> FALSE | W9: =IF(K9="","",EXACT(K9,AC9)) -> FALSE | X9: =IF(L9="","",EXACT(L9,AD9)) -> FALSE
H10: 8 | I10: 0008 | J10: ロールなし | K10: P | L10: 2018/01/01 00:00:00 | N10: INSERT INTO | O10: MST_PRF_TBL | P10: VALUES( | Q10: =H10&" , "&"'"&I10&"'"&" , "&"'"&J10&"'"&" , "&"'"&K10&"'"&" , "&"to_timestamp('"&L10&"'"&" , "&"'yyyy/MM/dd hh24:mi:ss')" -> 8 , '0008' , 'ロールなし' , 'P' , to_timestamp('2018/01/01 00:00:00' , 'yyyy/MM/dd hh24:mi:ss') | R10: ); | T10: =IF(H10="","",EXACT(H10,Z10)) -> FALSE | U10: =IF(I10="","",EXACT(I10,AA10)) -> FALSE | V10: =IF(J10="","",EXACT(J10,AB10)) -> FALSE | W10: =IF(K10="","",EXACT(K10,AC10)) -> FALSE | X10: =IF(L10="","",EXACT(L10,AD10)) -> FALSE
H11: 9 | I11: 0009 | J11: L＆F管理者（リスク管理部） | K11: P | L11: 2026/12/24 00:00:00 | N11: INSERT INTO | O11: MST_PRF_TBL | P11: VALUES( | Q11: =H11&" , "&"'"&I11&"'"&" , "&"'"&J11&"'"&" , "&"'"&K11&"'"&" , "&"to_timestamp('"&L11&"'"&" , "&"'yyyy/MM/dd hh24:mi:ss')" -> 9 , '0009' , 'L＆F管理者（リスク管理部）' , 'P' , to_timestamp('2026/12/24 00:00:00' , 'yyyy/MM/dd hh24:mi:ss') | R11: ); | T11: =IF(H11="","",EXACT(H11,Z11)) -> FALSE | U11: =IF(I11="","",EXACT(I11,AA11)) -> FALSE | V11: =IF(J11="","",EXACT(J11,AB11)) -> FALSE | W11: =IF(K11="","",EXACT(K11,AC11)) -> FALSE | X11: =IF(L11="","",EXACT(L11,AD11)) -> FALSE
H12: 10 | I12: 0010 | J12: L＆F管理者（リスク管理部以外） | K12: P | L12: 2026/12/24 00:00:00 | N12: INSERT INTO | O12: MST_PRF_TBL | P12: VALUES( | Q12: =H12&" , "&"'"&I12&"'"&" , "&"'"&J12&"'"&" , "&"'"&K12&"'"&" , "&"to_timestamp('"&L12&"'"&" , "&"'yyyy/MM/dd hh24:mi:ss')" -> 10 , '0010' , 'L＆F管理者（リスク管理部以外）' , 'P' , to_timestamp('2026/12/24 00:00:00' , 'yyyy/MM/dd hh24:mi:ss') | R12: ); | T12: =IF(H12="","",EXACT(H12,Z12)) -> FALSE | U12: =IF(I12="","",EXACT(I12,AA12)) -> FALSE | V12: =IF(J12="","",EXACT(J12,AB12)) -> FALSE | W12: =IF(K12="","",EXACT(K12,AC12)) -> FALSE | X12: =IF(L12="","",EXACT(L12,AD12)) -> FALSE
H13: 11 | I13: 0011 | J13: L&F担当者 | K13: P | L13: 2026/12/24 00:00:00 | N13: INSERT INTO | O13: MST_PRF_TBL | P13: VALUES( | Q13: =H13&" , "&"'"&I13&"'"&" , "&"'"&J13&"'"&" , "&"'"&K13&"'"&" , "&"to_timestamp('"&L13&"'"&" , "&"'yyyy/MM/dd hh24:mi:ss')" -> 11 , '0011' , 'L&F担当者' , 'P' , to_timestamp('2026/12/24 00:00:00' , 'yyyy/MM/dd hh24:mi:ss') | R13: ); | T13: =IF(H13="","",EXACT(H13,Z13)) -> FALSE | U13: =IF(I13="","",EXACT(I13,AA13)) -> FALSE | V13: =IF(J13="","",EXACT(J13,AB13)) -> FALSE | W13: =IF(K13="","",EXACT(K13,AC13)) -> FALSE | X13: =IF(L13="","",EXACT(L13,AD13)) -> FALSE

Sheet 2_ユーザマスタ
A1: パッケージ標準 | J1: 一覧へ | K1: ='1_プロファイルマスタ'!$H$1 -> 横浜銀行様用出荷設定 | T1: SQL
A2: USER_ID | B2: USER_CODE | C2: USER_NAME | D2: PRF_ID | E2: IS_LOCK | F2: IS_DEL | G2: CREATE_DATE | H2: LAST_UPDATE_DATE | I2: 構築資材 | J2: 変更可否 | K2: USER_ID | L2: USER_CODE | M2: USER_NAME | N2: PRF_ID | O2: IS_LOCK | P2: IS_DEL | Q2: CREATE_DATE | R2: LAST_UPDATE_DATE | T2: 固定 | U2: 固定 | V2: 固定 | W2: 数式 | X2: 固定 | Z2: USER_ID | AA2: USER_CODE | AB2: USER_NAME | AC2: PRF_ID | AD2: IS_LOCK | AE2: IS_DEL | AF2: CREATE_DATE | AG2: LAST_UPDATE_DATE
A3: 1 | B3: SO1 | C3: セキュリティオフィサー1 | D3: 1 | E3: N | F3: N | G3: 2018/01/01 00:00:00 | H3: 2018/01/01 00:00:00 | I3: 〇 | J3: 不可 | K3: 1 | L3: SO1 | M3: セキュリティオフィサー1 | N3: 1 | O3: N | P3: N | Q3: 2018/01/01 00:00:00 | R3: 2018/01/01 00:00:00 | T3: INSERT INTO | U3: MST_USER_TBL | V3: VALUES( | W3: =K3&" , "&"'"&L3&"'"&" , "&"'"&M3&"'"&" , "&N3&" , "&"'"&O3&"'"&" , "&"'"&P3&"'"&" , "&"to_timestamp('"&Q3&"'"&" , "&"'yyyy/MM/dd hh24:mi:ss')"&" , "&"to_timestamp('"&R3&"'"&" , "&"'yyyy/MM/dd hh24:mi:ss')" -> 1 , 'SO1' , 'セキュリティオフィサー1' , 1 , 'N' , 'N' , to_timestamp('2018/01/01 00:00:00' , 'yyyy/MM/dd hh24:mi:ss') , to_timestamp('2018/01/01 00:00:00' , 'yyyy/MM/dd hh24:mi:ss') | X3: ); | Z3: =IF(K3="","",EXACT(K3,AI3)) -> FALSE | AA3: =IF(L3="","",EXACT(L3,AJ3)) -> FALSE | AB3: =IF(M3="","",EXACT(M3,AK3)) -> FALSE | AC3: =IF(N3="","",EXACT(N3,AL3)) -> FALSE | AD3: =IF(O3="","",EXACT(O3,AM3)) -> FALSE | AE3: =IF(P3="","",EXACT(P3,AN3)) -> FALSE | AF3: =IF(Q3="","",EXACT(Q3,AO3)) -> FALSE | AG3: =IF(R3="","",EXACT(R3,AP3)) -> FALSE

Sheet 3_パスワード履歴
A1: パッケージ標準 | G1: 一覧へ | H1: ='1_プロファイルマスタ'!$H$1 -> 横浜銀行様用出荷設定 | N1: SQL
A2: PWD_HST_ID | B2: USER_ID | C2: PWD | D2: IS_INITIAL | E2: PWD_HST_DATE | F2: 構築資材 | G2: 変更可否 | H2: PWD_HST_ID | I2: USER_ID | J2: PWD | K2: IS_INITIAL | L2: PWD_HST_DATE | N2: 固定 | O2: 固定 | P2: 固定 | Q2: 数式 | R2: 固定 | T2: PWD_HST_ID | U2: USER_ID | V2: PWD | W2: IS_INITIAL | X2: PWD_HST_DATE
A3: 1 | B3: 1 | C3: 8Mrb3gxpLCN6pveJHEqxbw== | D3: Y | E3: 2018/01/01 00:00:00 | F3: 〇 | G3: 不可 | H3: 1 | I3: 1 | J3: 8Mrb3gxpLCN6pveJHEqxbw== | K3: Y | L3: 2018/01/01 00:00:00 | N3: INSERT INTO | O3: HST_PWD_TBL | P3: VALUES( | Q3: =H3&" , "&I3&" , "&"'"&J3&"'"&" , "&"'"&K3&"'"&" , "&"to_timestamp('"&L3&"'"&" , "&"'yyyy/MM/dd hh24:mi:ss')" -> 1 , 1 , '8Mrb3gxpLCN6pveJHEqxbw==' , 'Y' , to_timestamp('2018/01/01 00:00:00' , 'yyyy/MM/dd hh24:mi:ss') | R3: ); | T3: =IF(H3="","",EXACT(H3,Z3)) -> FALSE | U3: =IF(I3="","",EXACT(I3,AA3)) -> FALSE | V3: =IF(J3="","",EXACT(J3,AB3)) -> FALSE | W3: =IF(K3="","",EXACT(K3,AC3)) -> FALSE | X3: =IF(L3="","",EXACT(L3,AD3)) -> FALSE

Sheet 4_接続状態管理
A1: パッケージ標準 | G1: 一覧へ | H1: ='1_プロファイルマスタ'!$H$1 -> 横浜銀行様用出荷設定 | N1: SQL
A2: USER_ID | B2: TERM_IP | C2: LAST_LOGIN_DATE | D2: LOGIN_STAT | E2: LOGIN_FAIL_CNT | F2: 構築資材 | G2: 変更可否 | H2: USER_ID | I2: TERM_IP | J2: LAST_LOGIN_DATE | K2: LOGIN_STAT | L2: LOGIN_FAIL_CNT | N2: 固定 | O2: 固定 | P2: 固定 | Q2: 数式 | R2: 固定 | T2: USER_ID | U2: TERM_IP | V2: LAST_LOGIN_DATE | W2: LOGIN_STAT | X2: LOGIN_FAIL_CNT
A3: 1 | B3: NULL | C3: 2018/01/01 00:00:00 | D3: O | E3: 0 | F3: 〇 | G3: 不可 | H3: 1 | I3: NULL | J3: 2018/01/01 00:00:00 | K3: O | L3: 0 | N3: INSERT INTO | O3: MNG_CONN_TBL | P3: VALUES( | Q3: =H3&" , "&I3&" , "&"to_timestamp('"&J3&"'"&" , "&"'yyyy/MM/dd hh24:mi:ss')"&" , "&"'"&K3&"'"&" , "&L3 -> 1 , NULL , to_timestamp('2018/01/01 00:00:00' , 'yyyy/MM/dd hh24:mi:ss') , 'O' , 0 | R3: ); | T3: =IF(H3="","",EXACT(H3,Z3)) -> FALSE | U3: =IF(I3="","",EXACT(I3,AA3)) -> FALSE | V3: =IF(J3="","",EXACT(J3,AB3)) -> FALSE | W3: =IF(K3="","",EXACT(K3,AC3)) -> FALSE | X3: =IF(L3="","",EXACT(L3,AD3)) -> FALSE

Sheet 5_部店マスタ
A1: パッケージ標準 | G1: 一覧へ | H1: ='[1]1_プロファイルマスタ'!$H$1 -> 横浜銀行様用出荷設定 | N1: SQL
A2: UNIT_ID | B2: UNIT_CODE | C2: UNIT_NAME | D2: IS_INVALID | E2: LAST_UPDATE_DATE | F2: 構築資材 | G2: 変更可否 | H2: UNIT_ID | I2: UNIT_CODE | J2: UNIT_NAME | K2: IS_INVALID | L2: LAST_UPDATE_DATE | N2: 固定 | O2: 固定 | P2: 固定 | Q2: 数式 | R2: 固定 | T2: UNIT_ID | U2: UNIT_CODE | V2: UNIT_NAME | W2: IS_INVALID | X2: LAST_UPDATE_DATE
A3: 1 | B3: 001 | C3: 全ての部店 | D3: N | E3: 2018/01/01 00:00:00 | F3: 〇 | G3: 不可 | H3: 1 | I3: 9999 | J3: 全ての部店 | K3: N | L3: 2018/01/01 00:00:00 | N3: INSERT INTO | O3: MST_UNIT_TBL | P3: VALUES( | Q3: =H3&" , "&"'"&I3&"'"&" , "&"'"&J3&"'"&" , "&"'"&K3&"'"&" , "&"to_timestamp('"&L3&"'"&" , "&"'yyyy/MM/dd hh24:mi:ss')" -> 1 , '9999' , '全ての部店' , 'N' , to_timestamp('2018/01/01 00:00:00' , 'yyyy/MM/dd hh24:mi:ss') | R3: ); | T3: =IF(H3="","",EXACT(H3,Z3)) -> FALSE | U3: =IF(I3="","",EXACT(I3,AA3)) -> FALSE | V3: =IF(J3="","",EXACT(J3,AB3)) -> FALSE | W3: =IF(K3="","",EXACT(K3,AC3)) -> FALSE | X3: =IF(L3="","",EXACT(L3,AD3)) -> FALSE
A4: 2 | B4: 002 | C4: テスト用部店 | D4: N | E4: 2018/01/01 00:00:00 | F4: 〇 | G4: 可 | H4: 2 | I4: 0003 | J4: ＡＣＳ | K4: N | L4: 2018/01/01 00:00:00 | N4: INSERT INTO | O4: MST_UNIT_TBL | P4: VALUES( | Q4: =H4&" , "&"'"&I4&"'"&" , "&"'"&J4&"'"&" , "&"'"&K4&"'"&" , "&"to_timestamp('"&L4&"'"&" , "&"'yyyy/MM/dd hh24:mi:ss')" -> 2 , '0003' , 'ＡＣＳ' , 'N' , to_timestamp('2018/01/01 00:00:00' , 'yyyy/MM/dd hh24:mi:ss') | R4: ); | T4: =IF(H4="","",EXACT(H4,Z4)) -> FALSE | U4: =IF(I4="","",EXACT(I4,AA4)) -> FALSE | V4: =IF(J4="","",EXACT(J4,AB4)) -> FALSE | W4: =IF(K4="","",EXACT(K4,AC4)) -> FALSE | X4: =IF(L4="","",EXACT(L4,AD4)) -> FALSE
G5: 可 | H5: 3 | I5: 0005 | J5: ＣＡＦＩＳ | K5: N | L5: 2018/01/01 00:00:00 | N5: INSERT INTO | O5: MST_UNIT_TBL | P5: VALUES( | Q5: =H5&" , "&"'"&I5&"'"&" , "&"'"&J5&"'"&" , "&"'"&K5&"'"&" , "&"to_timestamp('"&L5&"'"&" , "&"'yyyy/MM/dd hh24:mi:ss')" -> 3 , '0005' , 'ＣＡＦＩＳ' , 'N' , to_timestamp('2018/01/01 00:00:00' , 'yyyy/MM/dd hh24:mi:ss') | R5: ); | T5: =IF(H5="","",EXACT(H5,Z5)) -> FALSE | U5: =IF(I5="","",EXACT(I5,AA5)) -> FALSE | V5: =IF(J5="","",EXACT(J5,AB5)) -> FALSE | W5: =IF(K5="","",EXACT(K5,AC5)) -> FALSE | X5: =IF(L5="","",EXACT(L5,AD5)) -> FALSE
G6: 可 | H6: 4 | I6: 0011 | J6: 第１研修 | K6: N | L6: 2018/01/01 00:00:00 | N6: INSERT INTO | O6: MST_UNIT_TBL | P6: VALUES( | Q6: =H6&" , "&"'"&I6&"'"&" , "&"'"&J6&"'"&" , "&"'"&K6&"'"&" , "&"to_timestamp('"&L6&"'"&" , "&"'yyyy/MM/dd hh24:mi:ss')" -> 4 , '0011' , '第１研修' , 'N' , to_timestamp('2018/01/01 00:00:00' , 'yyyy/MM/dd hh24:mi:ss') | R6: ); | T6: =IF(H6="","",EXACT(H6,Z6)) -> FALSE | U6: =IF(I6="","",EXACT(I6,AA6)) -> FALSE | V6: =IF(J6="","",EXACT(J6,AB6)) -> FALSE | W6: =IF(K6="","",EXACT(K6,AC6)) -> FALSE | X6: =IF(L6="","",EXACT(L6,AD6)) -> FALSE
G7: 可 | H7: 5 | I7: 0013 | J7: ＡＮＳＥＲ | K7: N | L7: 2018/01/01 00:00:00 | N7: INSERT INTO | O7: MST_UNIT_TBL | P7: VALUES( | Q7: =H7&" , "&"'"&I7&"'"&" , "&"'"&J7&"'"&" , "&"'"&K7&"'"&" , "&"to_timestamp('"&L7&"'"&" , "&"'yyyy/MM/dd hh24:mi:ss')" -> 5 , '0013' , 'ＡＮＳＥＲ' , 'N' , to_timestamp('2018/01/01 00:00:00' , 'yyyy/MM/dd hh24:mi:ss') | R7: ); | T7: =IF(H7="","",EXACT(H7,Z7)) -> FALSE | U7: =IF(I7="","",EXACT(I7,AA7)) -> FALSE | V7: =IF(J7="","",EXACT(J7,AB7)) -> FALSE | W7: =IF(K7="","",EXACT(K7,AC7)) -> FALSE | X7: =IF(L7="","",EXACT(L7,AD7)) -> FALSE
G8: 可 | H8: 6 | I8: 0014 | J8: 通知サービス | K8: N | L8: 2018/01/01 00:00:00 | N8: INSERT INTO | O8: MST_UNIT_TBL | P8: VALUES( | Q8: =H8&" , "&"'"&I8&"'"&" , "&"'"&J8&"'"&" , "&"'"&K8&"'"&" , "&"to_timestamp('"&L8&"'"&" , "&"'yyyy/MM/dd hh24:mi:ss')" -> 6 , '0014' , '通知サービス' , 'N' , to_timestamp('2018/01/01 00:00:00' , 'yyyy/MM/dd hh24:mi:ss') | R8: ); | T8: =IF(H8="","",EXACT(H8,Z8)) -> FALSE | U8: =IF(I8="","",EXACT(I8,AA8)) -> FALSE | V8: =IF(J8="","",EXACT(J8,AB8)) -> FALSE | W8: =IF(K8="","",EXACT(K8,AC8)) -> FALSE | X8: =IF(L8="","",EXACT(L8,AD8)) -> FALSE
G9: 可 | H9: 7 | I9: 0018 | J9: 外為系 | K9: N | L9: 2018/01/01 00:00:00 | N9: INSERT INTO | O9: MST_UNIT_TBL | P9: VALUES( | Q9: =H9&" , "&"'"&I9&"'"&" , "&"'"&J9&"'"&" , "&"'"&K9&"'"&" , "&"to_timestamp('"&L9&"'"&" , "&"'yyyy/MM/dd hh24:mi:ss')" -> 7 , '0018' , '外為系' , 'N' , to_timestamp('2018/01/01 00:00:00' , 'yyyy/MM/dd hh24:mi:ss') | R9: ); | T9: =IF(H9="","",EXACT(H9,Z9)) -> FALSE | U9: =IF(I9="","",EXACT(I9,AA9)) -> FALSE | V9: =IF(J9="","",EXACT(J9,AB9)) -> FALSE | W9: =IF(K9="","",EXACT(K9,AC9)) -> FALSE | X9: =IF(L9="","",EXACT(L9,AD9)) -> FALSE
G10: 可 | H10: 8 | I10: 0023 | J10: 自店練習店１ | K10: N | L10: 2018/01/01 00:00:00 | N10: INSERT INTO | O10: MST_UNIT_TBL | P10: VALUES( | Q10: =H10&" , "&"'"&I10&"'"&" , "&"'"&J10&"'"&" , "&"'"&K10&"'"&" , "&"to_timestamp('"&L10&"'"&" , "&"'yyyy/MM/dd hh24:mi:ss')" -> 8 , '0023' , '自店練習店１' , 'N' , to_timestamp('2018/01/01 00:00:00' , 'yyyy/MM/dd hh24:mi:ss') | R10: ); | T10: =IF(H10="","",EXACT(H10,Z10)) -> FALSE | U10: =IF(I10="","",EXACT(I10,AA10)) -> FALSE | V10: =IF(J10="","",EXACT(J10,AB10)) -> FALSE | W10: =IF(K10="","",EXACT(K10,AC10)) -> FALSE | X10: =IF(L10="","",EXACT(L10,AD10)) -> FALSE
G11: 可 | H11: 9 | I11: 0024 | J11: 自店練習店２ | K11: N | L11: 2018/01/01 00:00:00 | N11: INSERT INTO | O11: MST_UNIT_TBL | P11: VALUES( | Q11: =H11&" , "&"'"&I11&"'"&" , "&"'"&J11&"'"&" , "&"'"&K11&"'"&" , "&"to_timestamp('"&L11&"'"&" , "&"'yyyy/MM/dd hh24:mi:ss')" -> 9 , '0024' , '自店練習店２' , 'N' , to_timestamp('2018/01/01 00:00:00' , 'yyyy/MM/dd hh24:mi:ss') | R11: ); | T11: =IF(H11="","",EXACT(H11,Z11)) -> FALSE | U11: =IF(I11="","",EXACT(I11,AA11)) -> FALSE | V11: =IF(J11="","",EXACT(J11,AB11)) -> FALSE | W11: =IF(K11="","",EXACT(K11,AC11)) -> FALSE | X11: =IF(L11="","",EXACT(L11,AD11)) -> FALSE
G12: 可 | H12: 10 | I12: 0033 | J12: 第３研修 | K12: N | L12: 2018/01/01 00:00:00 | N12: INSERT INTO | O12: MST_UNIT_TBL | P12: VALUES( | Q12: =H12&" , "&"'"&I12&"'"&" , "&"'"&J12&"'"&" , "&"'"&K12&"'"&" , "&"to_timestamp('"&L12&"'"&" , "&"'yyyy/MM/dd hh24:mi:ss')" -> 10 , '0033' , '第３研修' , 'N' , to_timestamp('2018/01/01 00:00:00' , 'yyyy/MM/dd hh24:mi:ss') | R12: ); | T12: =IF(H12="","",EXACT(H12,Z12)) -> FALSE | U12: =IF(I12="","",EXACT(I12,AA12)) -> FALSE | V12: =IF(J12="","",EXACT(J12,AB12)) -> FALSE | W12: =IF(K12="","",EXACT(K12,AC12)) -> FALSE | X12: =IF(L12="","",EXACT(L12,AD12)) -> FALSE
H13: 11 | I13: 0037 | J13: 融資業務支援システム | K13: N | L13: 2018/01/01 00:00:00 | N13: INSERT INTO | O13: MST_UNIT_TBL | P13: VALUES( | Q13: =H13&" , "&"'"&I13&"'"&" , "&"'"&J13&"'"&" , "&"'"&K13&"'"&" , "&"to_timestamp('"&L13&"'"&" , "&"'yyyy/MM/dd hh24:mi:ss')" -> 11 , '0037' , '融資業務支援システム' , 'N' , to_timestamp('2018/01/01 00:00:00' , 'yyyy/MM/dd hh24:mi:ss') | R13: ); | T13: =IF(H13="","",EXACT(H13,Z13)) -> FALSE | U13: =IF(I13="","",EXACT(I13,AA13)) -> FALSE | V13: =IF(J13="","",EXACT(J13,AB13)) -> FALSE | W13: =IF(K13="","",EXACT(K13,AC13)) -> FALSE | X13: =IF(L13="","",EXACT(L13,AD13)) -> FALSE
H14: 12 | I14: 0038 | J14: 融資稟議研修店 | K14: N | L14: 2018/01/01 00:00:00 | N14: INSERT INTO | O14: MST_UNIT_TBL | P14: VALUES( | Q14: =H14&" , "&"'"&I14&"'"&" , "&"'"&J14&"'"&" , "&"'"&K14&"'"&" , "&"to_timestamp('"&L14&"'"&" , "&"'yyyy/MM/dd hh24:mi:ss')" -> 12 , '0038' , '融資稟議研修店' , 'N' , to_timestamp('2018/01/01 00:00:00' , 'yyyy/MM/dd hh24:mi:ss') | R14: ); | T14: =IF(H14="","",EXACT(H14,Z14)) -> FALSE | U14: =IF(I14="","",EXACT(I14,AA14)) -> FALSE | V14: =IF(J14="","",EXACT(J14,AB14)) -> FALSE | W14: =IF(K14="","",EXACT(K14,AC14)) -> FALSE | X14: =IF(L14="","",EXACT(L14,AD14)) -> FALSE
H15: 13 | I15: 0039 | J15: 融資稟議自店練習店 | K15: N | L15: 2018/01/01 00:00:00 | N15: INSERT INTO | O15: MST_UNIT_TBL | P15: VALUES( | Q15: =H15&" , "&"'"&I15&"'"&" , "&"'"&J15&"'"&" , "&"'"&K15&"'"&" , "&"to_timestamp('"&L15&"'"&" , "&"'yyyy/MM/dd hh24:mi:ss')" -> 13 , '0039' , '融資稟議自店練習店' , 'N' , to_timestamp('2018/01/01 00:00:00' , 'yyyy/MM/dd hh24:mi:ss') | R15: ); | T15: =IF(H15="","",EXACT(H15,Z15)) -> FALSE | U15: =IF(I15="","",EXACT(I15,AA15)) -> FALSE | V15: =IF(J15="","",EXACT(J15,AB15)) -> FALSE | W15: =IF(K15="","",EXACT(K15,AC15)) -> FALSE | X15: =IF(L15="","",EXACT(L15,AD15)) -> FALSE
H16: 14 | I16: 0041 | J16: 全銀テレ為替店１ | K16: N | L16: 2018/01/01 00:00:00 | N16: INSERT INTO | O16: MST_UNIT_TBL | P16: VALUES( | Q16: =H16&" , "&"'"&I16&"'"&" , "&"'"&J16&"'"&" , "&"'"&K16&"'"&" , "&"to_timestamp('"&L16&"'"&" , "&"'yyyy/MM/dd hh24:mi:ss')" -> 14 , '0041' , '全銀テレ為替店１' , 'N' , to_timestamp('2018/01/01 00:00:00' , 'yyyy/MM/dd hh24:mi:ss') | R16: ); | T16: =IF(H16="","",EXACT(H16,Z16)) -> FALSE | U16: =IF(I16="","",EXACT(I16,AA16)) -> FALSE | V16: =IF(J16="","",EXACT(J16,AB16)) -> FALSE | W16: =IF(K16="","",EXACT(K16,AC16)) -> FALSE | X16: =IF(L16="","",EXACT(L16,AD16)) -> FALSE
H17: 15 | I17: 0042 | J17: 全銀テレ為替店２ | K17: N | L17: 2018/01/01 00:00:00 | N17: INSERT INTO | O17: MST_UNIT_TBL | P17: VALUES( | Q17: =H17&" , "&"'"&I17&"'"&" , "&"'"&J17&"'"&" , "&"'"&K17&"'"&" , "&"to_timestamp('"&L17&"'"&" , "&"'yyyy/MM/dd hh24:mi:ss')" -> 15 , '0042' , '全銀テレ為替店２' , 'N' , to_timestamp('2018/01/01 00:00:00' , 'yyyy/MM/dd hh24:mi:ss') | R17: ); | T17: =IF(H17="","",EXACT(H17,Z17)) -> FALSE | U17: =IF(I17="","",EXACT(I17,AA17)) -> FALSE | V17: =IF(J17="","",EXACT(J17,AB17)) -> FALSE | W17: =IF(K17="","",EXACT(K17,AC17)) -> FALSE | X17: =IF(L17="","",EXACT(L17,AD17)) -> FALSE
H18: 16 | I18: 0043 | J18: 全銀ＭＴ伝送店１ | K18: N | L18: 2018/01/01 00:00:00 | N18: INSERT INTO | O18: MST_UNIT_TBL | P18: VALUES( | Q18: =H18&" , "&"'"&I18&"'"&" , "&"'"&J18&"'"&" , "&"'"&K18&"'"&" , "&"to_timestamp('"&L18&"'"&" , "&"'yyyy/MM/dd hh24:mi:ss')" -> 16 , '0043' , '全銀ＭＴ伝送店１' , 'N' , to_timestamp('2018/01/01 00:00:00' , 'yyyy/MM/dd hh24:mi:ss') | R18: ); | T18: =IF(H18="","",EXACT(H18,Z18)) -> FALSE | U18: =IF(I18="","",EXACT(I18,AA18)) -> FALSE | V18: =IF(J18="","",EXACT(J18,AB18)) -> FALSE | W18: =IF(K18="","",EXACT(K18,AC18)) -> FALSE | X18: =IF(L18="","",EXACT(L18,AD18)) -> FALSE
H19: 17 | I19: 0044 | J19: 全銀ＭＴ伝送店２ | K19: N | L19: 2018/01/01 00:00:00 | N19: INSERT INTO | O19: MST_UNIT_TBL | P19: VALUES( | Q19: =H19&" , "&"'"&I19&"'"&" , "&"'"&J19&"'"&" , "&"'"&K19&"'"&" , "&"to_timestamp('"&L19&"'"&" , "&"'yyyy/MM/dd hh24:mi:ss')" -> 17 , '0044' , '全銀ＭＴ伝送店２' , 'N' , to_timestamp('2018/01/01 00:00:00' , 'yyyy/MM/dd hh24:mi:ss') | R19: ); | T19: =IF(H19="","",EXACT(H19,Z19)) -> FALSE | U19: =IF(I19="","",EXACT(I19,AA19)) -> FALSE | V19: =IF(J19="","",EXACT(J19,AB19)) -> FALSE | W19: =IF(K19="","",EXACT(K19,AC19)) -> FALSE | X19: =IF(L19="","",EXACT(L19,AD19)) -> FALSE
H20: 18 | I20: 0045 | J20: ＡＴＭ宝くじ | K20: N | L20: 2018/01/01 00:00:00 | N20: INSERT INTO | O20: MST_UNIT_TBL | P20: VALUES( | Q20: =H20&" , "&"'"&I20&"'"&" , "&"'"&J20&"'"&" , "&"'"&K20&"'"&" , "&"to_timestamp('"&L20&"'"&" , "&"'yyyy/MM/dd hh24:mi:ss')" -> 18 , '0045' , 'ＡＴＭ宝くじ' , 'N' , to_timestamp('2018/01/01 00:00:00' , 'yyyy/MM/dd hh24:mi:ss') | R20: ); | T20: =IF(H20="","",EXACT(H20,Z20)) -> FALSE | U20: =IF(I20="","",EXACT(I20,AA20)) -> FALSE | V20: =IF(J20="","",EXACT(J20,AB20)) -> FALSE | W20: =IF(K20="","",EXACT(K20,AC20)) -> FALSE | X20: =IF(L20="","",EXACT(L20,AD20)) -> FALSE
H21: 19 | I21: 0061 | J21: オペレーションセンター | K21: N | L21: 2018/01/01 00:00:00 | N21: INSERT INTO | O21: MST_UNIT_TBL | P21: VALUES( | Q21: =H21&" , "&"'"&I21&"'"&" , "&"'"&J21&"'"&" , "&"'"&K21&"'"&" , "&"to_timestamp('"&L21&"'"&" , "&"'yyyy/MM/dd hh24:mi:ss')" -> 19 , '0061' , 'オペレーションセンター' , 'N' , to_timestamp('2018/01/01 00:00:00' , 'yyyy/MM/dd hh24:mi:ss') | R21: ); | T21: =IF(H21="","",EXACT(H21,Z21)) -> FALSE | U21: =IF(I21="","",EXACT(I21,AA21)) -> FALSE | V21: =IF(J21="","",EXACT(J21,AB21)) -> FALSE | W21: =IF(K21="","",EXACT(K21,AC21)) -> FALSE | X21: =IF(L21="","",EXACT(L21,AD21)) -> FALSE
H22: 20 | I22: 0062 | J22: ＯＣＲ集中店 | K22: N | L22: 2018/01/01 00:00:00 | N22: INSERT INTO | O22: MST_UNIT_TBL | P22: VALUES( | Q22: =H22&" , "&"'"&I22&"'"&" , "&"'"&J22&"'"&" , "&"'"&K22&"'"&" , "&"to_timestamp('"&L22&"'"&" , "&"'yyyy/MM/dd hh24:mi:ss')" -> 20 , '0062' , 'ＯＣＲ集中店' , 'N' , to_timestamp('2018/01/01 00:00:00' , 'yyyy/MM/dd hh24:mi:ss') | R22: ); | T22: =IF(H22="","",EXACT(H22,Z22)) -> FALSE | U22: =IF(I22="","",EXACT(I22,AA22)) -> FALSE | V22: =IF(J22="","",EXACT(J22,AB22)) -> FALSE | W22: =IF(K22="","",EXACT(K22,AC22)) -> FALSE | X22: =IF(L22="","",EXACT(L22,AD22)) -> FALSE
H23: 21 | I23: 0070 | J23: 金沢住宅ローンセンター | K23: N | L23: 2018/01/01 00:00:00 | N23: INSERT INTO | O23: MST_UNIT_TBL | P23: VALUES( | Q23: =H23&" , "&"'"&I23&"'"&" , "&"'"&J23&"'"&" , "&"'"&K23&"'"&" , "&"to_timestamp('"&L23&"'"&" , "&"'yyyy/MM/dd hh24:mi:ss')" -> 21 , '0070' , '金沢住宅ローンセンター' , 'N' , to_timestamp('2018/01/01 00:00:00' , 'yyyy/MM/dd hh24:mi:ss') | R23: ); | T23: =IF(H23="","",EXACT(H23,Z23)) -> FALSE | U23: =IF(I23="","",EXACT(I23,AA23)) -> FALSE | V23: =IF(J23="","",EXACT(J23,AB23)) -> FALSE | W23: =IF(K23="","",EXACT(K23,AC23)) -> FALSE | X23: =IF(L23="","",EXACT(L23,AD23)) -> FALSE
H24: 22 | I24: 0071 | J24: 中山住宅ローンセンター | K24: N | L24: 2018/01/01 00:00:00 | N24: INSERT INTO | O24: MST_UNIT_TBL | P24: VALUES( | Q24: =H24&" , "&"'"&I24&"'"&" , "&"'"&J24&"'"&" , "&"'"&K24&"'"&" , "&"to_timestamp('"&L24&"'"&" , "&"'yyyy/MM/dd hh24:mi:ss')" -> 22 , '0071' , '中山住宅ローンセンター' , 'N' , to_timestamp('2018/01/01 00:00:00' , 'yyyy/MM/dd hh24:mi:ss') | R24: ); | T24: =IF(H24="","",EXACT(H24,Z24)) -> FALSE | U24: =IF(I24="","",EXACT(I24,AA24)) -> FALSE | V24: =IF(J24="","",EXACT(J24,AB24)) -> FALSE | W24: =IF(K24="","",EXACT(K24,AC24)) -> FALSE | X24: =IF(L24="","",EXACT(L24,AD24)) -> FALSE
... H272: 270 | I272: 0971 | J272: 大阪支店 | K272: N | L272: 2018/01/01 00:00:00 | N272: INSERT INTO | O272: MST_UNIT_TBL | P272: VALUES( | Q272: =H272&" , "&"'"&I272&"'"&" , "&"'"&J272&"'"&" , "&"'"&K272&"'"&" , "&"to_timestamp('"&L272&"'"&" , "&"'yyyy/MM/dd hh24:mi:ss')" -> 270 , '0971' , '大阪支店' , 'N' , to_timestamp('2018/01/01 00:00:00' , 'yyyy/MM/dd hh24:mi:ss') | R272: ); | T272: =IF(H272="","",EXACT(H272,Z272)) -> FALSE | U272: =IF(I272="","",EXACT(I272,AA272)) -> FALSE | V272: =IF(J272="","",EXACT(J272,AB272)) -> FALSE | W272: =IF(K272="","",EXACT(K272,AC272)) -> FALSE | X272: =IF(L272="","",EXACT(L272,AD272)) -> FALSE
H273: 271 | I273: 10000 | J273: 横浜銀行 | K273: N | L273: 2018/01/01 00:00:00 | N273: INSERT INTO | O273: MST_UNIT_TBL | P273: VALUES( | Q273: =H273&" , "&"'"&I273&"'"&" , "&"'"&J273&"'"&" , "&"'"&K273&"'"&" , "&"to_timestamp('"&L273&"'"&" , "&"'yyyy/MM/dd hh24:mi:ss')" -> 271 , '10000' , '横浜銀行' , 'N' , to_timestamp('2018/01/01 00:00:00' , 'yyyy/MM/dd hh24:mi:ss') | R273: ); | T273: =IF(H273="","",EXACT(H273,Z273)) -> FALSE | U273: =IF(I273="","",EXACT(I273,AA273)) -> FALSE | V273: =IF(J273="","",EXACT(J273,AB273)) -> FALSE | W273: =IF(K273="","",EXACT(K273,AC273)) -> FALSE | X273: =IF(L273="","",EXACT(L273,AD273)) -> FALSE
H274: 273 | I274: 10001 | J274: 本部 | K274: N | L274: 2018/01/01 00:00:00 | N274: INSERT INTO | O274: MST_UNIT_TBL | P274: VALUES( | Q274: =H274&" , "&"'"&I274&"'"&" , "&"'"&J274&"'"&" , "&"'"&K274&"'"&" , "&"to_timestamp('"&L274&"'"&" , "&"'yyyy/MM/dd hh24:mi:ss')" -> 273 , '10001' , '本部' , 'N' , to_timestamp('2018/01/01 00:00:00' , 'yyyy/MM/dd hh24:mi:ss') | R274: ); | T274: =IF(H274="","",EXACT(H274,Z274)) -> FALSE | U274: =IF(I274="","",EXACT(I274,AA274)) -> FALSE | V274: =IF(J274="","",EXACT(J274,AB274)) -> FALSE | W274: =IF(K274="","",EXACT(K274,AC274)) -> FALSE | X274: =IF(L274="","",EXACT(L274,AD274)) -> FALSE
H275: 274 | I275: 10002 | J275: 地域地区本部 | K275: N | L275: 2018/01/01 00:00:00 | N275: INSERT INTO | O275: MST_UNIT_TBL | P275: VALUES( | Q275: =H275&" , "&"'"&I275&"'"&" , "&"'"&J275&"'"&" , "&"'"&K275&"'"&" , "&"to_timestamp('"&L275&"'"&" , "&"'yyyy/MM/dd hh24:mi:ss')" -> 274 , '10002' , '地域地区本部' , 'N' , to_timestamp('2018/01/01 00:00:00' , 'yyyy/MM/dd hh24:mi:ss') | R275: ); | T275: =IF(H275="","",EXACT(H275,Z275)) -> FALSE | U275: =IF(I275="","",EXACT(I275,AA275)) -> FALSE | V275: =IF(J275="","",EXACT(J275,AB275)) -> FALSE | W275: =IF(K275="","",EXACT(K275,AC275)) -> FALSE | X275: =IF(L275="","",EXACT(L275,AD275)) -> FALSE
H276: 275 | I276: 10003 | J276: 営業店 | K276: N | L276: 2018/01/01 00:00:00 | N276: INSERT INTO | O276: MST_UNIT_TBL | P276: VALUES( | Q276: =H276&" , "&"'"&I276&"'"&" , "&"'"&J276&"'"&" , "&"'"&K276&"'"&" , "&"to_timestamp('"&L276&"'"&" , "&"'yyyy/MM/dd hh24:mi:ss')" -> 275 , '10003' , '営業店' , 'N' , to_timestamp('2018/01/01 00:00:00' , 'yyyy/MM/dd hh24:mi:ss') | R276: ); | T276: =IF(H276="","",EXACT(H276,Z276)) -> FALSE | U276: =IF(I276="","",EXACT(I276,AA276)) -> FALSE | V276: =IF(J276="","",EXACT(J276,AB276)) -> FALSE | W276: =IF(K276="","",EXACT(K276,AC276)) -> FALSE | X276: =IF(L276="","",EXACT(L276,AD276)) -> FALSE
H277: 276 | I277: 10004 | J277: 海外拠点 | K277: N | L277: 2018/01/01 00:00:00 | N277: INSERT INTO | O277: MST_UNIT_TBL | P277: VALUES( | Q277: =H277&" , "&"'"&I277&"'"&" , "&"'"&J277&"'"&" , "&"'"&K277&"'"&" , "&"to_timestamp('"&L277&"'"&" , "&"'yyyy/MM/dd hh24:mi:ss')" -> 276 , '10004' , '海外拠点' , 'N' , to_timestamp('2018/01/01 00:00:00' , 'yyyy/MM/dd hh24:mi:ss') | R277: ); | T277: =IF(H277="","",EXACT(H277,Z277)) -> FALSE | U277: =IF(I277="","",EXACT(I277,AA277)) -> FALSE | V277: =IF(J277="","",EXACT(J277,AB277)) -> FALSE | W277: =IF(K277="","",EXACT(K277,AC277)) -> FALSE | X277: =IF(L277="","",EXACT(L277,AD277)) -> FALSE
H278: 277 | I278: 10005 | J278: 横浜銀行関連会社 | K278: N | L278: 2018/01/01 00:00:00 | N278: INSERT INTO | O278: MST_UNIT_TBL | P278: VALUES( | Q278: =H278&" , "&"'"&I278&"'"&" , "&"'"&J278&"'"&" , "&"'"&K278&"'"&" , "&"to_timestamp('"&L278&"'"&" , "&"'yyyy/MM/dd hh24:mi:ss')" -> 277 , '10005' , '横浜銀行関連会社' , 'N' , to_timestamp('2018/01/01 00:00:00' , 'yyyy/MM/dd hh24:mi:ss') | R278: ); | T278: =IF(H278="","",EXACT(H278,Z278)) -> FALSE | U278: =IF(I278="","",EXACT(I278,AA278)) -> FALSE | V278: =IF(J278="","",EXACT(J278,AB278)) -> FALSE | W278: =IF(K278="","",EXACT(K278,AC278)) -> FALSE | X278: =IF(L278="","",EXACT(L278,AD278)) -> FALSE
H279: 278 | I279: 12000 | J279: 総合企画部 | K279: N | L279: 2018/01/01 00:00:00 | N279: INSERT INTO | O279: MST_UNIT_TBL | P279: VALUES( | Q279: =H279&" , "&"'"&I279&"'"&" , "&"'"&J279&"'"&" , "&"'"&K279&"'"&" , "&"to_timestamp('"&L279&"'"&" , "&"'yyyy/MM/dd hh24:mi:ss')" -> 278 , '12000' , '総合企画部' , 'N' , to_timestamp('2018/01/01 00:00:00' , 'yyyy/MM/dd hh24:mi:ss') | R279: ); | T279: =IF(H279="","",EXACT(H279,Z279)) -> FALSE | U279: =IF(I279="","",EXACT(I279,AA279)) -> FALSE | V279: =IF(J279="","",EXACT(J279,AB279)) -> FALSE | W279: =IF(K279="","",EXACT(K279,AC279)) -> FALSE | X279: =IF(L279="","",EXACT(L279,AD279)) -> FALSE
H280: 279 | I280: 12001 | J280: 総合企画部協会担当 | K280: N | L280: 2018/01/01 00:00:00 | N280: INSERT INTO | O280: MST_UNIT_TBL | P280: VALUES( | Q280: =H280&" , "&"'"&I280&"'"&" , "&"'"&J280&"'"&" , "&"'"&K280&"'"&" , "&"to_timestamp('"&L280&"'"&" , "&"'yyyy/MM/dd hh24:mi:ss')" -> 279 , '12001' , '総合企画部協会担当' , 'N' , to_timestamp('2018/01/01 00:00:00' , 'yyyy/MM/dd hh24:mi:ss') | R280: ); | T280: =IF(H280="","",EXACT(H280,Z280)) -> FALSE | U280: =IF(I280="","",EXACT(I280,AA280)) -> FALSE | V280: =IF(J280="","",EXACT(J280,AB280)) -> FALSE | W280: =IF(K280="","",EXACT(K280,AC280)) -> FALSE | X280: =IF(L280="","",EXACT(L280,AD280)) -> FALSE
H281: 280 | I281: 12003 | J281: 総合企画部コーポレートコミュニケーション推進室 | K281: N | L281: 2018/01/01 00:00:00 | N281: INSERT INTO | O281: MST_UNIT_TBL | P281: VALUES( | Q281: =H281&" , "&"'"&I281&"'"&" , "&"'"&J281&"'"&" , "&"'"&K281&"'"&" , "&"to_timestamp('"&L281&"'"&" , "&"'yyyy/MM/dd hh24:mi:ss')" -> 280 , '12003' , '総合企画部コーポレートコミュニケーション推進室' , 'N' , to_timestamp('2018/01/01 00:00:00' , 'yyyy/MM/dd hh24:mi:ss') | R281: ); | T281: =IF(H281="","",EXACT(H281,Z281)) -> FALSE | U281: =IF(I281="","",EXACT(I281,AA281)) -> FALSE | V281: =IF(J281="","",EXACT(J281,AB281)) -> FALSE | W281: =IF(K281="","",EXACT(K281,AC281)) -> FALSE | X281: =IF(L281="","",EXACT(L281,AD281)) -> FALSE
H282: 281 | I282: 12004 | J282: 総合企画部主計室 | K282: N | L282: 2018/01/01 00:00:00 | N282: INSERT INTO | O282: MST_UNIT_TBL | P282: VALUES( | Q282: =H282&" , "&"'"&I282&"'"&" , "&"'"&J282&"'"&" , "&"'"&K282&"'"&" , "&"to_timestamp('"&L282&"'"&" , "&"'yyyy/MM/dd hh24:mi:ss')" -> 281 , '12004' , '総合企画部主計室' , 'N' , to_timestamp('2018/01/01 00:00:00' , 'yyyy/MM/dd hh24:mi:ss') | R282: ); | T282: =IF(H282="","",EXACT(H282,Z282)) -> FALSE | U282: =IF(I282="","",EXACT(I282,AA282)) -> FALSE | V282: =IF(J282="","",EXACT(J282,AB282)) -> FALSE | W282: =IF(K282="","",EXACT(K282,AC282)) -> FALSE | X282: =IF(L282="","",EXACT(L282,AD282)) -> FALSE
H283: 282 | I283: 12005 | J283: 総合企画部関連事業室 | K283: N | L283: 2018/01/01 00:00:00 | N283: INSERT INTO | O283: MST_UNIT_TBL | P283: VALUES( | Q283: =H283&" , "&"'"&I283&"'"&" , "&"'"&J283&"'"&" , "&"'"&K283&"'"&" , "&"to_timestamp('"&L283&"'"&" , "&"'yyyy/MM/dd hh24:mi:ss')" -> 282 , '12005' , '総合企画部関連事業室' , 'N' , to_timestamp('2018/01/01 00:00:00' , 'yyyy/MM/dd hh24:mi:ss') | R283: ); | T283: =IF(H283="","",EXACT(H283,Z283)) -> FALSE | U283: =IF(I283="","",EXACT(I283,AA283)) -> FALSE | V283: =IF(J283="","",EXACT(J283,AB283)) -> FALSE | W283: =IF(K283="","",EXACT(K283,AC283)) -> FALSE | X283: =IF(L283="","",EXACT(L283,AD283)) -> FALSE
H284: 283 | I284: 12006 | J284: 総合企画部秘書室 | K284: N | L284: 2018/01/01 00:00:00 | N284: INSERT INTO | O284: MST_UNIT_TBL | P284: VALUES( | Q284: =H284&" , "&"'"&I284&"'"&" , "&"'"&J284&"'"&" , "&"'"&K284&"'"&" , "&"to_timestamp('"&L284&"'"&" , "&"'yyyy/MM/dd hh24:mi:ss')" -> 283 , '12006' , '総合企画部秘書室' , 'N' , to_timestamp('2018/01/01 00:00:00' , 'yyyy/MM/dd hh24:mi:ss') | R284: ); | T284: =IF(H284="","",EXACT(H284,Z284)) -> FALSE | U284: =IF(I284="","",EXACT(I284,AA284)) -> FALSE | V284: =IF(J284="","",EXACT(J284,AB284)) -> FALSE | W284: =IF(K284="","",EXACT(K284,AC284)) -> FALSE | X284: =IF(L284="","",EXACT(L284,AD284)) -> FALSE
... H550: 554 | I550: 99962 | J550: 横浜ＦＧ | K550: N | L550: 2026/04/07 00:00:00 | N550: INSERT INTO | O550: MST_UNIT_TBL | P550: VALUES( | Q550: =H550&" , "&"'"&I550&"'"&" , "&"'"&J550&"'"&" , "&"'"&K550&"'"&" , "&"to_timestamp('"&L550&"'"&" , "&"'yyyy/MM/dd hh24:mi:ss')" -> 554 , '99962' , '横浜ＦＧ' , 'N' , to_timestamp('2026/04/07 00:00:00' , 'yyyy/MM/dd hh24:mi:ss') | R550: ); | T550: =IF(H550="","",EXACT(H550,Z550)) -> FALSE | U550: =IF(I550="","",EXACT(I550,AA550)) -> FALSE | V550: =IF(J550="","",EXACT(J550,AB550)) -> FALSE | W550: =IF(K550="","",EXACT(K550,AC550)) -> FALSE | X550: =IF(L550="","",EXACT(L550,AD550)) -> FALSE
H551: 555 | I551: testA | J551: 試行用本店営業部 | K551: N | L551: 2018/01/01 00:00:00 | N551: INSERT INTO | O551: MST_UNIT_TBL | P551: VALUES( | Q551: =H551&" , "&"'"&I551&"'"&" , "&"'"&J551&"'"&" , "&"'"&K551&"'"&" , "&"to_timestamp('"&L551&"'"&" , "&"'yyyy/MM/dd hh24:mi:ss')" -> 555 , 'testA' , '試行用本店営業部' , 'N' , to_timestamp('2018/01/01 00:00:00' , 'yyyy/MM/dd hh24:mi:ss') | R551: ); | T551: =IF(H551="","",EXACT(H551,Z551)) -> FALSE | U551: =IF(I551="","",EXACT(I551,AA551)) -> FALSE | V551: =IF(J551="","",EXACT(J551,AB551)) -> FALSE | W551: =IF(K551="","",EXACT(K551,AC551)) -> FALSE | X551: =IF(L551="","",EXACT(L551,AD551)) -> FALSE
H552: 556 | I552: testB | J552: 試行用新横浜支店 | K552: N | L552: 2018/01/01 00:00:00 | N552: INSERT INTO | O552: MST_UNIT_TBL | P552: VALUES( | Q552: =H552&" , "&"'"&I552&"'"&" , "&"'"&J552&"'"&" , "&"'"&K552&"'"&" , "&"to_timestamp('"&L552&"'"&" , "&"'yyyy/MM/dd hh24:mi:ss')" -> 556 , 'testB' , '試行用新横浜支店' , 'N' , to_timestamp('2018/01/01 00:00:00' , 'yyyy/MM/dd hh24:mi:ss') | R552: ); | T552: =IF(H552="","",EXACT(H552,Z552)) -> FALSE | U552: =IF(I552="","",EXACT(I552,AA552)) -> FALSE | V552: =IF(J552="","",EXACT(J552,AB552)) -> FALSE | W552: =IF(K552="","",EXACT(K552,AC552)) -> FALSE | X552: =IF(L552="","",EXACT(L552,AD552)) -> FALSE
H553: 557 | I553: testC | J553: 試行用リスク管理部 | K553: N | L553: 2018/01/01 00:00:00 | N553: INSERT INTO | O553: MST_UNIT_TBL | P553: VALUES( | Q553: =H553&" , "&"'"&I553&"'"&" , "&"'"&J553&"'"&" , "&"'"&K553&"'"&" , "&"to_timestamp('"&L553&"'"&" , "&"'yyyy/MM/dd hh24:mi:ss')" -> 557 , 'testC' , '試行用リスク管理部' , 'N' , to_timestamp('2018/01/01 00:00:00' , 'yyyy/MM/dd hh24:mi:ss') | R553: ); | T553: =IF(H553="","",EXACT(H553,Z553)) -> FALSE | U553: =IF(I553="","",EXACT(I553,AA553)) -> FALSE | V553: =IF(J553="","",EXACT(J553,AB553)) -> FALSE | W553: =IF(K553="","",EXACT(K553,AC553)) -> FALSE | X553: =IF(L553="","",EXACT(L553,AD553)) -> FALSE
H554: 558 | I554: testE | J554: 試行用融資部 | K554: N | L554: 2018/01/01 00:00:00 | N554: INSERT INTO | O554: MST_UNIT_TBL | P554: VALUES( | Q554: =H554&" , "&"'"&I554&"'"&" , "&"'"&J554&"'"&" , "&"'"&K554&"'"&" , "&"to_timestamp('"&L554&"'"&" , "&"'yyyy/MM/dd hh24:mi:ss')" -> 558 , 'testE' , '試行用融資部' , 'N' , to_timestamp('2018/01/01 00:00:00' , 'yyyy/MM/dd hh24:mi:ss') | R554: ); | T554: =IF(H554="","",EXACT(H554,Z554)) -> FALSE | U554: =IF(I554="","",EXACT(I554,AA554)) -> FALSE | V554: =IF(J554="","",EXACT(J554,AB554)) -> FALSE | W554: =IF(K554="","",EXACT(K554,AC554)) -> FALSE | X554: =IF(L554="","",EXACT(L554,AD554)) -> FALSE
H555: 559 | I555: testF | J555: 試行用事務サービス部 | K555: N | L555: 2018/01/01 00:00:00 | N555: INSERT INTO | O555: MST_UNIT_TBL | P555: VALUES( | Q555: =H555&" , "&"'"&I555&"'"&" , "&"'"&J555&"'"&" , "&"'"&K555&"'"&" , "&"to_timestamp('"&L555&"'"&" , "&"'yyyy/MM/dd hh24:mi:ss')" -> 559 , 'testF' , '試行用事務サービス部' , 'N' , to_timestamp('2018/01/01 00:00:00' , 'yyyy/MM/dd hh24:mi:ss') | R555: ); | T555: =IF(H555="","",EXACT(H555,Z555)) -> FALSE | U555: =IF(I555="","",EXACT(I555,AA555)) -> FALSE | V555: =IF(J555="","",EXACT(J555,AB555)) -> FALSE | W555: =IF(K555="","",EXACT(K555,AC555)) -> FALSE | X555: =IF(L555="","",EXACT(L555,AD555)) -> FALSE
H556: 560 | I556: 11100 | J556: 秘書室 | K556: N | L556: 2018/01/01 00:00:00 | N556: INSERT INTO | O556: MST_UNIT_TBL | P556: VALUES( | Q556: =H556&" , "&"'"&I556&"'"&" , "&"'"&J556&"'"&" , "&"'"&K556&"'"&" , "&"to_timestamp('"&L556&"'"&" , "&"'yyyy/MM/dd hh24:mi:ss')" -> 560 , '11100' , '秘書室' , 'N' , to_timestamp('2018/01/01 00:00:00' , 'yyyy/MM/dd hh24:mi:ss') | R556: ); | T556: =IF(H556="","",EXACT(H556,Z556)) -> FALSE | U556: =IF(I556="","",EXACT(I556,AA556)) -> FALSE | V556: =IF(J556="","",EXACT(J556,AB556)) -> FALSE | W556: =IF(K556="","",EXACT(K556,AC556)) -> FALSE | X556: =IF(L556="","",EXACT(L556,AD556)) -> FALSE
H557: 561 | I557: 12008 | J557: 経営企画部生産性向上推進室 | K557: N | L557: 2018/01/01 00:00:00 | N557: INSERT INTO | O557: MST_UNIT_TBL | P557: VALUES( | Q557: =H557&" , "&"'"&I557&"'"&" , "&"'"&J557&"'"&" , "&"'"&K557&"'"&" , "&"to_timestamp('"&L557&"'"&" , "&"'yyyy/MM/dd hh24:mi:ss')" -> 561 , '12008' , '経営企画部生産性向上推進室' , 'N' , to_timestamp('2018/01/01 00:00:00' , 'yyyy/MM/dd hh24:mi:ss') | R557: ); | T557: =IF(H557="","",EXACT(H557,Z557)) -> FALSE | U557: =IF(I557="","",EXACT(I557,AA557)) -> FALSE | V557: =IF(J557="","",EXACT(J557,AB557)) -> FALSE | W557: =IF(K557="","",EXACT(K557,AC557)) -> FALSE | X557: =IF(L557="","",EXACT(L557,AD557)) -> FALSE
H558: 562 | I558: 13606 | J558: 市場営業部セールス＆トレーディ | K558: N | L558: 2018/01/01 00:00:00 | N558: INSERT INTO | O558: MST_UNIT_TBL | P558: VALUES( | Q558: =H558&" , "&"'"&I558&"'"&" , "&"'"&J558&"'"&" , "&"'"&K558&"'"&" , "&"to_timestamp('"&L558&"'"&" , "&"'yyyy/MM/dd hh24:mi:ss')" -> 562 , '13606' , '市場営業部セールス＆トレーディ' , 'N' , to_timestamp('2018/01/01 00:00:00' , 'yyyy/MM/dd hh24:mi:ss') | R558: ); | T558: =IF(H558="","",EXACT(H558,Z558)) -> FALSE | U558: =IF(I558="","",EXACT(I558,AA558)) -> FALSE | V558: =IF(J558="","",EXACT(J558,AB558)) -> FALSE | W558: =IF(K558="","",EXACT(K558,AC558)) -> FALSE | X558: =IF(L558="","",EXACT(L558,AD558)) -> FALSE
H559: 563 | I559: 91510 | J559: 吉祥寺住宅ローンセンター | K559: N | L559: 2018/01/01 00:00:00 | N559: INSERT INTO | O559: MST_UNIT_TBL | P559: VALUES( | Q559: =H559&" , "&"'"&I559&"'"&" , "&"'"&J559&"'"&" , "&"'"&K559&"'"&" , "&"to_timestamp('"&L559&"'"&" , "&"'yyyy/MM/dd hh24:mi:ss')" -> 563 , '91510' , '吉祥寺住宅ローンセンター' , 'N' , to_timestamp('2018/01/01 00:00:00' , 'yyyy/MM/dd hh24:mi:ss') | R559: ); | T559: =IF(H559="","",EXACT(H559,Z559)) -> FALSE | U559: =IF(I559="","",EXACT(I559,AA559)) -> FALSE | V559: =IF(J559="","",EXACT(J559,AB559)) -> FALSE | W559: =IF(K559="","",EXACT(K559,AC559)) -> FALSE | X559: =IF(L559="","",EXACT(L559,AD559)) -> FALSE
H560: 564 | I560: 12009 | J560: 経営企画部ＡＩ・ＩＴ戦略統括室 | K560: N | L560: 2026/04/07 00:00:00 | N560: INSERT INTO | O560: MST_UNIT_TBL | P560: VALUES( | Q560: =H560&" , "&"'"&I560&"'"&" , "&"'"&J560&"'"&" , "&"'"&K560&"'"&" , "&"to_timestamp('"&L560&"'"&" , "&"'yyyy/MM/dd hh24:mi:ss')" -> 564 , '12009' , '経営企画部ＡＩ・ＩＴ戦略統括室' , 'N' , to_timestamp('2026/04/07 00:00:00' , 'yyyy/MM/dd hh24:mi:ss') | R560: ); | T560: =IF(H560="","",EXACT(H560,Z560)) -> FALSE | U560: =IF(I560="","",EXACT(I560,AA560)) -> FALSE | V560: =IF(J560="","",EXACT(J560,AB560)) -> FALSE | W560: =IF(K560="","",EXACT(K560,AC560)) -> FALSE | X560: =IF(L560="","",EXACT(L560,AD560)) -> FALSE
H561: 565 | I561: 13101 | J561: 営業本部営業本部事務局 | K561: N | L561: 2026/04/07 00:00:00 | N561: INSERT INTO | O561: MST_UNIT_TBL | P561: VALUES( | Q561: =H561&" , "&"'"&I561&"'"&" , "&"'"&J561&"'"&" , "&"'"&K561&"'"&" , "&"to_timestamp('"&L561&"'"&" , "&"'yyyy/MM/dd hh24:mi:ss')" -> 565 , '13101' , '営業本部営業本部事務局' , 'N' , to_timestamp('2026/04/07 00:00:00' , 'yyyy/MM/dd hh24:mi:ss') | R561: ); | T561: =IF(H561="","",EXACT(H561,Z561)) -> FALSE | U561: =IF(I561="","",EXACT(I561,AA561)) -> FALSE | V561: =IF(J561="","",EXACT(J561,AB561)) -> FALSE | W561: =IF(K561="","",EXACT(K561,AC561)) -> FALSE | X561: =IF(L561="","",EXACT(L561,AD561)) -> FALSE
H562: 566 | I562: 13102 | J562: 営業本部ネットワーク戦略室 | K562: N | L562: 2026/04/07 00:00:00 | N562: INSERT INTO | O562: MST_UNIT_TBL | P562: VALUES( | Q562: =H562&" , "&"'"&I562&"'"&" , "&"'"&J562&"'"&" , "&"'"&K562&"'"&" , "&"to_timestamp('"&L562&"'"&" , "&"'yyyy/MM/dd hh24:mi:ss')" -> 566 , '13102' , '営業本部ネットワーク戦略室' , 'N' , to_timestamp('2026/04/07 00:00:00' , 'yyyy/MM/dd hh24:mi:ss') | R562: ); | T562: =IF(H562="","",EXACT(H562,Z562)) -> FALSE | U562: =IF(I562="","",EXACT(I562,AA562)) -> FALSE | V562: =IF(J562="","",EXACT(J562,AB562)) -> FALSE | W562: =IF(K562="","",EXACT(K562,AC562)) -> FALSE | X562: =IF(L562="","",EXACT(L562,AD562)) -> FALSE
H563: 567 | I563: 13103 | J563: 営業本部お客さま相談室 | K563: N | L563: 2026/04/07 00:00:00 | N563: INSERT INTO | O563: MST_UNIT_TBL | P563: VALUES( | Q563: =H563&" , "&"'"&I563&"'"&" , "&"'"&J563&"'"&" , "&"'"&K563&"'"&" , "&"to_timestamp('"&L563&"'"&" , "&"'yyyy/MM/dd hh24:mi:ss')" -> 567 , '13103' , '営業本部お客さま相談室' , 'N' , to_timestamp('2026/04/07 00:00:00' , 'yyyy/MM/dd hh24:mi:ss') | R563: ); | T563: =IF(H563="","",EXACT(H563,Z563)) -> FALSE | U563: =IF(I563="","",EXACT(I563,AA563)) -> FALSE | V563: =IF(J563="","",EXACT(J563,AB563)) -> FALSE | W563: =IF(K563="","",EXACT(K563,AC563)) -> FALSE | X563: =IF(L563="","",EXACT(L563,AD563)) -> FALSE
H564: 568 | I564: 13815 | J564: ソリューション営業部コーポレートアドバイザリー室 | K564: N | L564: 2026/04/07 00:00:00 | N564: INSERT INTO | O564: MST_UNIT_TBL | P564: VALUES( | Q564: =H564&" , "&"'"&I564&"'"&" , "&"'"&J564&"'"&" , "&"'"&K564&"'"&" , "&"to_timestamp('"&L564&"'"&" , "&"'yyyy/MM/dd hh24:mi:ss')" -> 568 , '13815' , 'ソリューション営業部コーポレートアドバイザリー室' , 'N' , to_timestamp('2026/04/07 00:00:00' , 'yyyy/MM/dd hh24:mi:ss') | R564: ); | T564: =IF(H564="","",EXACT(H564,Z564)) -> FALSE | U564: =IF(I564="","",EXACT(I564,AA564)) -> FALSE | V564: =IF(J564="","",EXACT(J564,AB564)) -> FALSE | W564: =IF(K564="","",EXACT(K564,AC564)) -> FALSE | X564: =IF(L564="","",EXACT(L564,AD564)) -> FALSE
H565: 569 | I565: 13906 | J565: 営業戦略部金融資産コンサルティング室 | K565: N | L565: 2026/04/07 00:00:00 | N565: INSERT INTO | O565: MST_UNIT_TBL | P565: VALUES( | Q565: =H565&" , "&"'"&I565&"'"&" , "&"'"&J565&"'"&" , "&"'"&K565&"'"&" , "&"to_timestamp('"&L565&"'"&" , "&"'yyyy/MM/dd hh24:mi:ss')" -> 569 , '13906' , '営業戦略部金融資産コンサルティング室' , 'N' , to_timestamp('2026/04/07 00:00:00' , 'yyyy/MM/dd hh24:mi:ss') | R565: ); | T565: =IF(H565="","",EXACT(H565,Z565)) -> FALSE | U565: =IF(I565="","",EXACT(I565,AA565)) -> FALSE | V565: =IF(J565="","",EXACT(J565,AB565)) -> FALSE | W565: =IF(K565="","",EXACT(K565,AC565)) -> FALSE | X565: =IF(L565="","",EXACT(L565,AD565)) -> FALSE
H566: 570 | I566: 14104 | J566: リテール戦略部デジタル戦略企画室 | K566: N | L566: 2026/04/07 00:00:00 | N566: INSERT INTO | O566: MST_UNIT_TBL | P566: VALUES( | Q566: =H566&" , "&"'"&I566&"'"&" , "&"'"&J566&"'"&" , "&"'"&K566&"'"&" , "&"to_timestamp('"&L566&"'"&" , "&"'yyyy/MM/dd hh24:mi:ss')" -> 570 , '14104' , 'リテール戦略部デジタル戦略企画室' , 'N' , to_timestamp('2026/04/07 00:00:00' , 'yyyy/MM/dd hh24:mi:ss') | R566: ); | T566: =IF(H566="","",EXACT(H566,Z566)) -> FALSE | U566: =IF(I566="","",EXACT(I566,AA566)) -> FALSE | V566: =IF(J566="","",EXACT(J566,AB566)) -> FALSE | W566: =IF(K566="","",EXACT(K566,AC566)) -> FALSE | X566: =IF(L566="","",EXACT(L566,AD566)) -> FALSE
H567: 571 | I567: 14201 | J567: ダイレクトソリューション部ビジネスソリューションセンター | K567: N | L567: 2026/04/07 00:00:00 | N567: INSERT INTO | O567: MST_UNIT_TBL | P567: VALUES( | Q567: =H567&" , "&"'"&I567&"'"&" , "&"'"&J567&"'"&" , "&"'"&K567&"'"&" , "&"to_timestamp('"&L567&"'"&" , "&"'yyyy/MM/dd hh24:mi:ss')" -> 571 , '14201' , 'ダイレクトソリューション部ビジネスソリューションセンター' , 'N' , to_timestamp('2026/04/07 00:00:00' , 'yyyy/MM/dd hh24:mi:ss') | R567: ); | T567: =IF(H567="","",EXACT(H567,Z567)) -> FALSE | U567: =IF(I567="","",EXACT(I567,AA567)) -> FALSE | V567: =IF(J567="","",EXACT(J567,AB567)) -> FALSE | W567: =IF(K567="","",EXACT(K567,AC567)) -> FALSE | X567: =IF(L567="","",EXACT(L567,AD567)) -> FALSE
... H573: 577 | I573: 14110 | J573: リテール戦略部（デジタル推進トレーニー） | K573: N | L573: 2026/04/07 00:00:00 | N573: INSERT INTO | O573: MST_UNIT_TBL | P573: VALUES( | Q573: =H573&" , "&"'"&I573&"'"&" , "&"'"&J573&"'"&" , "&"'"&K573&"'"&" , "&"to_timestamp('"&L573&"'"&" , "&"'yyyy/MM/dd hh24:mi:ss')" -> 577 , '14110' , 'リテール戦略部（デジタル推進トレーニー）' , 'N' , to_timestamp('2026/04/07 00:00:00' , 'yyyy/MM/dd hh24:mi:ss') | R573: ); | T573: =IF(H573="","",EXACT(H573,Z573)) -> FALSE | U573: =IF(I573="","",EXACT(I573,AA573)) -> FALSE | V573: =IF(J573="","",EXACT(J573,AB573)) -> FALSE | W573: =IF(K573="","",EXACT(K573,AC573)) -> FALSE | X573: =IF(L573="","",EXACT(L573,AD573)) -> FALSE
H574: 578 | I574: LF001 | J574: 一括照合用 | K574: N | L574: 2026/12/24 00:00:00 | N574: INSERT INTO | O574: MST_UNIT_TBL | P574: VALUES( | Q574: =H574&" , "&"'"&I574&"'"&" , "&"'"&J574&"'"&" , "&"'"&K574&"'"&" , "&"to_timestamp('"&L574&"'"&" , "&"'yyyy/MM/dd hh24:mi:ss')" -> 578 , 'LF001' , '一括照合用' , 'N' , to_timestamp('2026/12/24 00:00:00' , 'yyyy/MM/dd hh24:mi:ss') | R574: ); | T574: =IF(H574="","",EXACT(H574,Z574)) -> FALSE | U574: =IF(I574="","",EXACT(I574,AA574)) -> FALSE | V574: =IF(J574="","",EXACT(J574,AB574)) -> FALSE | W574: =IF(K574="","",EXACT(K574,AC574)) -> FALSE | X574: =IF(L574="","",EXACT(L574,AD574)) -> FALSE
H575: 579 | I575: LF002 | J575: 監査部 | K575: N | L575: 2026/12/24 00:00:00 | N575: INSERT INTO | O575: MST_UNIT_TBL | P575: VALUES( | Q575: =H575&" , "&"'"&I575&"'"&" , "&"'"&J575&"'"&" , "&"'"&K575&"'"&" , "&"to_timestamp('"&L575&"'"&" , "&"'yyyy/MM/dd hh24:mi:ss')" -> 579 , 'LF002' , '監査部' , 'N' , to_timestamp('2026/12/24 00:00:00' , 'yyyy/MM/dd hh24:mi:ss') | R575: ); | T575: =IF(H575="","",EXACT(H575,Z575)) -> FALSE | U575: =IF(I575="","",EXACT(I575,AA575)) -> FALSE | V575: =IF(J575="","",EXACT(J575,AB575)) -> FALSE | W575: =IF(K575="","",EXACT(K575,AC575)) -> FALSE | X575: =IF(L575="","",EXACT(L575,AD575)) -> FALSE
H576: 580 | I576: LF003 | J576: 経営企画部 | K576: N | L576: 2026/12/24 00:00:00 | N576: INSERT INTO | O576: MST_UNIT_TBL | P576: VALUES( | Q576: =H576&" , "&"'"&I576&"'"&" , "&"'"&J576&"'"&" , "&"'"&K576&"'"&" , "&"to_timestamp('"&L576&"'"&" , "&"'yyyy/MM/dd hh24:mi:ss')" -> 580 , 'LF003' , '経営企画部' , 'N' , to_timestamp('2026/12/24 00:00:00' , 'yyyy/MM/dd hh24:mi:ss') | R576: ); | T576: =IF(H576="","",EXACT(H576,Z576)) -> FALSE | U576: =IF(I576="","",EXACT(I576,AA576)) -> FALSE | V576: =IF(J576="","",EXACT(J576,AB576)) -> FALSE | W576: =IF(K576="","",EXACT(K576,AC576)) -> FALSE | X576: =IF(L576="","",EXACT(L576,AD576)) -> FALSE
H577: 581 | I577: LF004 | J577: 業務改革室 | K577: N | L577: 2026/12/24 00:00:00 | N577: INSERT INTO | O577: MST_UNIT_TBL | P577: VALUES( | Q577: =H577&" , "&"'"&I577&"'"&" , "&"'"&J577&"'"&" , "&"'"&K577&"'"&" , "&"to_timestamp('"&L577&"'"&" , "&"'yyyy/MM/dd hh24:mi:ss')" -> 581 , 'LF004' , '業務改革室' , 'N' , to_timestamp('2026/12/24 00:00:00' , 'yyyy/MM/dd hh24:mi:ss') | R577: ); | T577: =IF(H577="","",EXACT(H577,Z577)) -> FALSE | U577: =IF(I577="","",EXACT(I577,AA577)) -> FALSE | V577: =IF(J577="","",EXACT(J577,AB577)) -> FALSE | W577: =IF(K577="","",EXACT(K577,AC577)) -> FALSE | X577: =IF(L577="","",EXACT(L577,AD577)) -> FALSE
H578: 582 | I578: LF005 | J578: 人財部 | K578: N | L578: 2026/12/24 00:00:00 | N578: INSERT INTO | O578: MST_UNIT_TBL | P578: VALUES( | Q578: =H578&" , "&"'"&I578&"'"&" , "&"'"&J578&"'"&" , "&"'"&K578&"'"&" , "&"to_timestamp('"&L578&"'"&" , "&"'yyyy/MM/dd hh24:mi:ss')" -> 582 , 'LF005' , '人財部' , 'N' , to_timestamp('2026/12/24 00:00:00' , 'yyyy/MM/dd hh24:mi:ss') | R578: ); | T578: =IF(H578="","",EXACT(H578,Z578)) -> FALSE | U578: =IF(I578="","",EXACT(I578,AA578)) -> FALSE | V578: =IF(J578="","",EXACT(J578,AB578)) -> FALSE | W578: =IF(K578="","",EXACT(K578,AC578)) -> FALSE | X578: =IF(L578="","",EXACT(L578,AD578)) -> FALSE
H579: 583 | I579: LF006 | J579: リスク管理部 | K579: N | L579: 2026/12/24 00:00:00 | N579: INSERT INTO | O579: MST_UNIT_TBL | P579: VALUES( | Q579: =H579&" , "&"'"&I579&"'"&" , "&"'"&J579&"'"&" , "&"'"&K579&"'"&" , "&"to_timestamp('"&L579&"'"&" , "&"'yyyy/MM/dd hh24:mi:ss')" -> 583 , 'LF006' , 'リスク管理部' , 'N' , to_timestamp('2026/12/24 00:00:00' , 'yyyy/MM/dd hh24:mi:ss') | R579: ); | T579: =IF(H579="","",EXACT(H579,Z579)) -> FALSE | U579: =IF(I579="","",EXACT(I579,AA579)) -> FALSE | V579: =IF(J579="","",EXACT(J579,AB579)) -> FALSE | W579: =IF(K579="","",EXACT(K579,AC579)) -> FALSE | X579: =IF(L579="","",EXACT(L579,AD579)) -> FALSE
H580: 584 | I580: LF007 | J580: 財務経理部 | K580: N | L580: 2026/12/24 00:00:00 | N580: INSERT INTO | O580: MST_UNIT_TBL | P580: VALUES( | Q580: =H580&" , "&"'"&I580&"'"&" , "&"'"&J580&"'"&" , "&"'"&K580&"'"&" , "&"to_timestamp('"&L580&"'"&" , "&"'yyyy/MM/dd hh24:mi:ss')" -> 584 , 'LF007' , '財務経理部' , 'N' , to_timestamp('2026/12/24 00:00:00' , 'yyyy/MM/dd hh24:mi:ss') | R580: ); | T580: =IF(H580="","",EXACT(H580,Z580)) -> FALSE | U580: =IF(I580="","",EXACT(I580,AA580)) -> FALSE | V580: =IF(J580="","",EXACT(J580,AB580)) -> FALSE | W580: =IF(K580="","",EXACT(K580,AC580)) -> FALSE | X580: =IF(L580="","",EXACT(L580,AD580)) -> FALSE
H581: 585 | I581: LF008 | J581: ＩＴソリューション部 | K581: N | L581: 2026/12/24 00:00:00 | N581: INSERT INTO | O581: MST_UNIT_TBL | P581: VALUES( | Q581: =H581&" , "&"'"&I581&"'"&" , "&"'"&J581&"'"&" , "&"'"&K581&"'"&" , "&"to_timestamp('"&L581&"'"&" , "&"'yyyy/MM/dd hh24:mi:ss')" -> 585 , 'LF008' , 'ＩＴソリューション部' , 'N' , to_timestamp('2026/12/24 00:00:00' , 'yyyy/MM/dd hh24:mi:ss') | R581: ); | T581: =IF(H581="","",EXACT(H581,Z581)) -> FALSE | U581: =IF(I581="","",EXACT(I581,AA581)) -> FALSE | V581: =IF(J581="","",EXACT(J581,AB581)) -> FALSE | W581: =IF(K581="","",EXACT(K581,AC581)) -> FALSE | X581: =IF(L581="","",EXACT(L581,AD581)) -> FALSE
H582: 586 | I582: LF009 | J582: 営業戦略部 | K582: N | L582: 2026/12/24 00:00:00 | N582: INSERT INTO | O582: MST_UNIT_TBL | P582: VALUES( | Q582: =H582&" , "&"'"&I582&"'"&" , "&"'"&J582&"'"&" , "&"'"&K582&"'"&" , "&"to_timestamp('"&L582&"'"&" , "&"'yyyy/MM/dd hh24:mi:ss')" -> 586 , 'LF009' , '営業戦略部' , 'N' , to_timestamp('2026/12/24 00:00:00' , 'yyyy/MM/dd hh24:mi:ss') | R582: ); | T582: =IF(H582="","",EXACT(H582,Z582)) -> FALSE | U582: =IF(I582="","",EXACT(I582,AA582)) -> FALSE | V582: =IF(J582="","",EXACT(J582,AB582)) -> FALSE | W582: =IF(K582="","",EXACT(K582,AC582)) -> FALSE | X582: =IF(L582="","",EXACT(L582,AD582)) -> FALSE
H583: 587 | I583: LF010 | J583: 営業推進部 | K583: N | L583: 2026/12/24 00:00:00 | N583: INSERT INTO | O583: MST_UNIT_TBL | P583: VALUES( | Q583: =H583&" , "&"'"&I583&"'"&" , "&"'"&J583&"'"&" , "&"'"&K583&"'"&" , "&"to_timestamp('"&L583&"'"&" , "&"'yyyy/MM/dd hh24:mi:ss')" -> 587 , 'LF010' , '営業推進部' , 'N' , to_timestamp('2026/12/24 00:00:00' , 'yyyy/MM/dd hh24:mi:ss') | R583: ); | T583: =IF(H583="","",EXACT(H583,Z583)) -> FALSE | U583: =IF(I583="","",EXACT(I583,AA583)) -> FALSE | V583: =IF(J583="","",EXACT(J583,AB583)) -> FALSE | W583: =IF(K583="","",EXACT(K583,AC583)) -> FALSE | X583: =IF(L583="","",EXACT(L583,AD583)) -> FALSE
H584: 588 | I584: LF011 | J584: 与信企画室 | K584: N | L584: 2026/12/24 00:00:00 | N584: INSERT INTO | O584: MST_UNIT_TBL | P584: VALUES( | Q584: =H584&" , "&"'"&I584&"'"&" , "&"'"&J584&"'"&" , "&"'"&K584&"'"&" , "&"to_timestamp('"&L584&"'"&" , "&"'yyyy/MM/dd hh24:mi:ss')" -> 588 , 'LF011' , '与信企画室' , 'N' , to_timestamp('2026/12/24 00:00:00' , 'yyyy/MM/dd hh24:mi:ss') | R584: ); | T584: =IF(H584="","",EXACT(H584,Z584)) -> FALSE | U584: =IF(I584="","",EXACT(I584,AA584)) -> FALSE | V584: =IF(J584="","",EXACT(J584,AB584)) -> FALSE | W584: =IF(K584="","",EXACT(K584,AC584)) -> FALSE | X584: =IF(L584="","",EXACT(L584,AD584)) -> FALSE
H585: 589 | I585: LF012 | J585: 融資第一部 | K585: N | L585: 2026/12/24 00:00:00 | N585: INSERT INTO | O585: MST_UNIT_TBL | P585: VALUES( | Q585: =H585&" , "&"'"&I585&"'"&" , "&"'"&J585&"'"&" , "&"'"&K585&"'"&" , "&"to_timestamp('"&L585&"'"&" , "&"'yyyy/MM/dd hh24:mi:ss')" -> 589 , 'LF012' , '融資第一部' , 'N' , to_timestamp('2026/12/24 00:00:00' , 'yyyy/MM/dd hh24:mi:ss') | R585: ); | T585: =IF(H585="","",EXACT(H585,Z585)) -> FALSE | U585: =IF(I585="","",EXACT(I585,AA585)) -> FALSE | V585: =IF(J585="","",EXACT(J585,AB585)) -> FALSE | W585: =IF(K585="","",EXACT(K585,AC585)) -> FALSE | X585: =IF(L585="","",EXACT(L585,AD585)) -> FALSE
... H598: 602 | I598: LF025 | J598: 広島営業部 | K598: N | L598: 2026/12/24 00:00:00 | N598: INSERT INTO | O598: MST_UNIT_TBL | P598: VALUES( | Q598: =H598&" , "&"'"&I598&"'"&" , "&"'"&J598&"'"&" , "&"'"&K598&"'"&" , "&"to_timestamp('"&L598&"'"&" , "&"'yyyy/MM/dd hh24:mi:ss')" -> 602 , 'LF025' , '広島営業部' , 'N' , to_timestamp('2026/12/24 00:00:00' , 'yyyy/MM/dd hh24:mi:ss') | R598: ); | T598: =IF(H598="","",EXACT(H598,Z598)) -> FALSE | U598: =IF(I598="","",EXACT(I598,AA598)) -> FALSE | V598: =IF(J598="","",EXACT(J598,AB598)) -> FALSE | W598: =IF(K598="","",EXACT(K598,AC598)) -> FALSE | X598: =IF(L598="","",EXACT(L598,AD598)) -> FALSE

Sheet 6_ユーザ部店設定
A1: パッケージ標準 | E1: 一覧へ | F1: ='1_プロファイルマスタ'!$H$1 -> 横浜銀行様用出荷設定 | J1: SQL
A2: UNIT_ID | B2: USER_ID | C2: IS_DEFAULT | D2: 構築資材 | E2: 変更可否 | F2: UNIT_ID | G2: USER_ID | H2: IS_DEFAULT | J2: 固定 | K2: 固定 | L2: 固定 | M2: 数式 | N2: 固定 | P2: UNIT_ID | Q2: USER_ID | R2: IS_DEFAULT
A3: 1 | B3: 1 | C3: N | D3: 〇 | E3: 不可 | F3: 1 | G3: 1 | H3: N | J3: INSERT INTO | K3: CNF_UNIT_TBL | L3: VALUES( | M3: =F3&" , "&G3&" , "&"'"&H3&"'" -> 1 , 1 , 'N' | N3: ); | P3: =IF(F3="","",EXACT(F3,T3)) -> FALSE | Q3: =IF(G3="","",EXACT(G3,U3)) -> FALSE | R3: =IF(H3="","",EXACT(H3,V3)) -> FALSE

Sheet 7_取引分類マスタ
A1: パッケージ標準 | D1: 一覧へ | E1: ='1_プロファイルマスタ'!$H$1 -> 横浜銀行様用出荷設定 | H1: SQL
A2: DEAL_TYPE_ID | B2: DEAL_TYPE | C2: 構築資材 | D2: 変更可否 | E2: DEAL_TYPE_ID | F2: DEAL_TYPE | G2: 備考 | H2: 固定 | I2: 固定 | J2: 固定 | K2: 数式 | L2: 固定 | N2: DEAL_TYPE_ID | O2: DEAL_TYPE
A3: 1 | B3: 共通 | C3: 〇 | D3: 不可 | E3: 1 | F3: 共通 | H3: INSERT INTO | I3: MST_DEAL_TYPE_TBL | J3: VALUES( | K3: =E3&" , "&"'"&F3&"'" -> 1 , '共通' | L3: ); | N3: =IF(E3="","",EXACT(E3,Q3)) -> FALSE | O3: =IF(F3="","",EXACT(F3,R3)) -> FALSE
A4: 2 | B4: 管理 | C4: 〇 | D4: 不可 | E4: 2 | F4: 管理 | H4: INSERT INTO | I4: MST_DEAL_TYPE_TBL | J4: VALUES( | K4: =E4&" , "&"'"&F4&"'" -> 2 , '管理' | L4: ); | N4: =IF(E4="","",EXACT(E4,Q4)) -> FALSE | O4: =IF(F4="","",EXACT(F4,R4)) -> FALSE
A5: 3 | B5: 本人確認 | C5: 〇 | D5: 不可 | E5: 3 | F5: 本人確認 | H5: INSERT INTO | I5: MST_DEAL_TYPE_TBL | J5: VALUES( | K5: =E5&" , "&"'"&F5&"'" -> 3 , '本人確認' | L5: ); | N5: =IF(E5="","",EXACT(E5,Q5)) -> FALSE | O5: =IF(F5="","",EXACT(F5,R5)) -> FALSE
A6: 4 | B6: バッチフィルタリング | C6: 〇 | D6: 不可 | E6: 4 | F6: バッチフィルタリング | H6: INSERT INTO | I6: MST_DEAL_TYPE_TBL | J6: VALUES( | K6: =E6&" , "&"'"&F6&"'" -> 4 , 'バッチフィルタリング' | L6: ); | N6: =IF(E6="","",EXACT(E6,Q6)) -> FALSE | O6: =IF(F6="","",EXACT(F6,R6)) -> FALSE
A7: 5 | B7: リアルフィルタリング | C7: 〇 | D7: 不可 | E7: 5 | F7: リアルフィルタリング | H7: INSERT INTO | I7: MST_DEAL_TYPE_TBL | J7: VALUES( | K7: =E7&" , "&"'"&F7&"'" -> 5 , 'リアルフィルタリング' | L7: ); | N7: =IF(E7="","",EXACT(E7,Q7)) -> FALSE | O7: =IF(F7="","",EXACT(F7,R7)) -> FALSE
A8: 6 | B8: シミュレーション | C8: 〇 | D8: 不可 | E8: 6 | F8: シミュレーション | H8: INSERT INTO | I8: MST_DEAL_TYPE_TBL | J8: VALUES( | K8: =E8&" , "&"'"&F8&"'" -> 6 , 'シミュレーション' | L8: ); | N8: =IF(E8="","",EXACT(E8,Q8)) -> FALSE | O8: =IF(F8="","",EXACT(F8,R8)) -> FALSE
A9: 7 | B9: リスト管理 | C9: 〇 | D9: 不可 | E9: 7 | F9: リスト管理 | H9: INSERT INTO | I9: MST_DEAL_TYPE_TBL | J9: VALUES( | K9: =E9&" , "&"'"&F9&"'" -> 7 , 'リスト管理' | L9: ); | N9: =IF(E9="","",EXACT(E9,Q9)) -> FALSE | O9: =IF(F9="","",EXACT(F9,R9)) -> FALSE
A10: 8 | B10: 長期保管DB参照 | C10: × | D10: 不可 | G10: PKGでは不要 | H10: INSERT INTO | I10: MST_DEAL_TYPE_TBL | J10: VALUES( | K10: =E10&" , "&"'"&F10&"'" -> , '' | L10: ); | N10: =IF(E10="","",EXACT(E10,Q10)) | O10: =IF(F10="","",EXACT(F10,R10))
A11: 9 | B11: オンライン反映 | C11: × | D11: 不可 | G11: PKGでは不要 | H11: INSERT INTO | I11: MST_DEAL_TYPE_TBL | J11: VALUES( | K11: =E11&" , "&"'"&F11&"'" -> , '' | L11: ); | N11: =IF(E11="","",EXACT(E11,Q11)) | O11: =IF(F11="","",EXACT(F11,R11))

Sheet 8_取引マスタ
A1: パッケージ標準 | I1: 一覧へ | J1: ='1_プロファイルマスタ'!$H$1 -> 横浜銀行様用出荷設定 | R1: SQL
A2: DEAL_ID | B2: DEAL_NAME | C2: DEAL_TYPE_ID | D2: DEAL_NO | E2: ACTION_PATH | F2: UPTIME_FROM | G2: UPTIME_TO | H2: 構築資材 | I2: 変更可否 | J2: DEAL_ID | K2: DEAL_NAME | L2: DEAL_TYPE_ID | M2: DEAL_NO | N2: ACTION_PATH | O2: UPTIME_FROM | P2: UPTIME_TO | Q2: 備考 | R2: 固定 | S2: 固定 | T2: 固定 | U2: 数式 | V2: 固定 | X2: DEAL_ID | Y2: DEAL_NAME | Z2: DEAL_TYPE_ID | AA2: DEAL_NO | AB2: ACTION_PATH | AC2: UPTIME_FROM | AD2: UPTIME_TO
A3: 1 | B3: ログイン | C3: 1 | D3: 1 | E3: NULL | F3: NULL | G3: NULL | H3: 〇 | I3: 不可 | J3: 1 | K3: ログイン | L3: 1 | M3: 1 | N3: NULL | O3: NULL | P3: NULL | R3: INSERT INTO | S3: MST_DEAL_TBL | T3: VALUES( | U3: =J3&" , "&"'"&K3&"'"&" , "&L3&" , "&M3&" , "&N3&" , "&O3&" , "&P3 -> 1 , 'ログイン' , 1 , 1 , NULL , NULL , NULL | V3: ); | X3: =IF(J3="","",EXACT(J3,AF3)) -> FALSE | Y3: =IF(K3="","",EXACT(K3,AG3)) -> FALSE | Z3: =IF(L3="","",EXACT(L3,AH3)) -> FALSE | AA3: =IF(M3="","",EXACT(M3,AI3)) -> FALSE | AB3: =IF(N3="","",EXACT(N3,AJ3)) -> FALSE | AC3: =IF(O3="","",EXACT(O3,AK3)) -> FALSE | AD3: =IF(P3="","",EXACT(P3,AL3)) -> FALSE
A4: 2 | B4: メニュー | C4: 1 | D4: 1 | E4: NULL | F4: NULL | G4: NULL | H4: 〇 | I4: 不可 | J4: 2 | K4: メニュー | L4: 1 | M4: 1 | N4: NULL | O4: NULL | P4: NULL | R4: INSERT INTO | S4: MST_DEAL_TBL | T4: VALUES( | U4: =J4&" , "&"'"&K4&"'"&" , "&L4&" , "&M4&" , "&N4&" , "&O4&" , "&P4 -> 2 , 'メニュー' , 1 , 1 , NULL , NULL , NULL | V4: ); | X4: =IF(J4="","",EXACT(J4,AF4)) -> FALSE | Y4: =IF(K4="","",EXACT(K4,AG4)) -> FALSE | Z4: =IF(L4="","",EXACT(L4,AH4)) -> FALSE | AA4: =IF(M4="","",EXACT(M4,AI4)) -> FALSE | AB4: =IF(N4="","",EXACT(N4,AJ4)) -> FALSE | AC4: =IF(O4="","",EXACT(O4,AK4)) -> FALSE | AD4: =IF(P4="","",EXACT(P4,AL4)) -> FALSE
A5: 3 | B5: ヘッダー | C5: 1 | D5: 1 | E5: NULL | F5: NULL | G5: NULL | H5: 〇 | I5: 不可 | J5: 3 | K5: ヘッダー | L5: 1 | M5: 1 | N5: NULL | O5: NULL | P5: NULL | R5: INSERT INTO | S5: MST_DEAL_TBL | T5: VALUES( | U5: =J5&" , "&"'"&K5&"'"&" , "&L5&" , "&M5&" , "&N5&" , "&O5&" , "&P5 -> 3 , 'ヘッダー' , 1 , 1 , NULL , NULL , NULL | V5: ); | X5: =IF(J5="","",EXACT(J5,AF5)) -> FALSE | Y5: =IF(K5="","",EXACT(K5,AG5)) -> FALSE | Z5: =IF(L5="","",EXACT(L5,AH5)) -> FALSE | AA5: =IF(M5="","",EXACT(M5,AI5)) -> FALSE | AB5: =IF(N5="","",EXACT(N5,AJ5)) -> FALSE | AC5: =IF(O5="","",EXACT(O5,AK5)) -> FALSE | AD5: =IF(P5="","",EXACT(P5,AL5)) -> FALSE
A6: 4 | B6: パスワード変更 | C6: 2 | D6: 1 | E6: NULL | F6: NULL | G6: NULL | H6: 〇 | I6: 不可 | J6: 4 | K6: パスワード変更 | L6: 2 | M6: 1 | N6: NULL | O6: NULL | P6: NULL | R6: INSERT INTO | S6: MST_DEAL_TBL | T6: VALUES( | U6: =J6&" , "&"'"&K6&"'"&" , "&L6&" , "&M6&" , "&N6&" , "&O6&" , "&P6 -> 4 , 'パスワード変更' , 2 , 1 , NULL , NULL , NULL | V6: ); | X6: =IF(J6="","",EXACT(J6,AF6)) -> FALSE | Y6: =IF(K6="","",EXACT(K6,AG6)) -> FALSE | Z6: =IF(L6="","",EXACT(L6,AH6)) -> FALSE | AA6: =IF(M6="","",EXACT(M6,AI6)) -> FALSE | AB6: =IF(N6="","",EXACT(N6,AJ6)) -> FALSE | AC6: =IF(O6="","",EXACT(O6,AK6)) -> FALSE | AD6: =IF(P6="","",EXACT(P6,AL6)) -> FALSE
A7: 5 | B7: ユーザ管理 | C7: 2 | D7: 1 | E7: NULL | F7: NULL | G7: NULL | H7: 〇 | I7: 不可 | J7: 5 | K7: ユーザ管理 | L7: 2 | M7: 1 | N7: NULL | O7: NULL | P7: NULL | R7: INSERT INTO | S7: MST_DEAL_TBL | T7: VALUES( | U7: =J7&" , "&"'"&K7&"'"&" , "&L7&" , "&M7&" , "&N7&" , "&O7&" , "&P7 -> 5 , 'ユーザ管理' , 2 , 1 , NULL , NULL , NULL | V7: ); | X7: =IF(J7="","",EXACT(J7,AF7)) -> FALSE | Y7: =IF(K7="","",EXACT(K7,AG7)) -> FALSE | Z7: =IF(L7="","",EXACT(L7,AH7)) -> FALSE | AA7: =IF(M7="","",EXACT(M7,AI7)) -> FALSE | AB7: =IF(N7="","",EXACT(N7,AJ7)) -> FALSE | AC7: =IF(O7="","",EXACT(O7,AK7)) -> FALSE | AD7: =IF(P7="","",EXACT(P7,AL7)) -> FALSE
A8: 6 | B8: 本人確認 | C8: 3 | D8: 1 | E8: NULL | F8: NULL | G8: NULL | H8: 〇 | I8: 不可 | J8: 6 | K8: 本人確認 | L8: 3 | M8: 1 | N8: NULL | O8: NULL | P8: NULL | R8: INSERT INTO | S8: MST_DEAL_TBL | T8: VALUES( | U8: =J8&" , "&"'"&K8&"'"&" , "&L8&" , "&M8&" , "&N8&" , "&O8&" , "&P8 -> 6 , '本人確認' , 3 , 1 , NULL , NULL , NULL | V8: ); | X8: =IF(J8="","",EXACT(J8,AF8)) -> FALSE | Y8: =IF(K8="","",EXACT(K8,AG8)) -> FALSE | Z8: =IF(L8="","",EXACT(L8,AH8)) -> FALSE | AA8: =IF(M8="","",EXACT(M8,AI8)) -> FALSE | AB8: =IF(N8="","",EXACT(N8,AJ8)) -> FALSE | AC8: =IF(O8="","",EXACT(O8,AK8)) -> FALSE | AD8: =IF(P8="","",EXACT(P8,AL8)) -> FALSE
A9: 7 | B9: 本人確認仕掛照会 | C9: 3 | D9: 1 | E9: NULL | F9: NULL | G9: NULL | H9: 〇 | I9: 不可 | J9: 7 | K9: 本人確認仕掛照会 | L9: 3 | M9: 1 | N9: NULL | O9: NULL | P9: NULL | R9: INSERT INTO | S9: MST_DEAL_TBL | T9: VALUES( | U9: =J9&" , "&"'"&K9&"'"&" , "&L9&" , "&M9&" , "&N9&" , "&O9&" , "&P9 -> 7 , '本人確認仕掛照会' , 3 , 1 , NULL , NULL , NULL | V9: ); | X9: =IF(J9="","",EXACT(J9,AF9)) -> FALSE | Y9: =IF(K9="","",EXACT(K9,AG9)) -> FALSE | Z9: =IF(L9="","",EXACT(L9,AH9)) -> FALSE | AA9: =IF(M9="","",EXACT(M9,AI9)) -> FALSE | AB9: =IF(N9="","",EXACT(N9,AJ9)) -> FALSE | AC9: =IF(O9="","",EXACT(O9,AK9)) -> FALSE | AD9: =IF(P9="","",EXACT(P9,AL9)) -> FALSE
A10: 8 | B10: 判定履歴照会 | C10: 3 | D10: 1 | E10: NULL | F10: NULL | G10: NULL | H10: 〇 | I10: 不可 | J10: 8 | K10: 判定履歴照会 | L10: 3 | M10: 1 | N10: NULL | O10: NULL | P10: NULL | R10: INSERT INTO | S10: MST_DEAL_TBL | T10: VALUES( | U10: =J10&" , "&"'"&K10&"'"&" , "&L10&" , "&M10&" , "&N10&" , "&O10&" , "&P10 -> 8 , '判定履歴照会' , 3 , 1 , NULL , NULL , NULL | V10: ); | X10: =IF(J10="","",EXACT(J10,AF10)) -> FALSE | Y10: =IF(K10="","",EXACT(K10,AG10)) -> FALSE | Z10: =IF(L10="","",EXACT(L10,AH10)) -> FALSE | AA10: =IF(M10="","",EXACT(M10,AI10)) -> FALSE | AB10: =IF(N10="","",EXACT(N10,AJ10)) -> FALSE | AC10: =IF(O10="","",EXACT(O10,AK10)) -> FALSE | AD10: =IF(P10="","",EXACT(P10,AL10)) -> FALSE
A11: 9 | B11: 操作ログ照会 | C11: 2 | D11: 1 | E11: NULL | F11: NULL | G11: NULL | H11: 〇 | I11: 不可 | J11: 9 | K11: 操作ログ照会 | L11: 2 | M11: 1 | N11: NULL | O11: NULL | P11: NULL | R11: INSERT INTO | S11: MST_DEAL_TBL | T11: VALUES( | U11: =J11&" , "&"'"&K11&"'"&" , "&L11&" , "&M11&" , "&N11&" , "&O11&" , "&P11 -> 9 , '操作ログ照会' , 2 , 1 , NULL , NULL , NULL | V11: ); | X11: =IF(J11="","",EXACT(J11,AF11)) -> FALSE | Y11: =IF(K11="","",EXACT(K11,AG11)) -> FALSE | Z11: =IF(L11="","",EXACT(L11,AH11)) -> FALSE | AA11: =IF(M11="","",EXACT(M11,AI11)) -> FALSE | AB11: =IF(N11="","",EXACT(N11,AJ11)) -> FALSE | AC11: =IF(O11="","",EXACT(O11,AK11)) -> FALSE | AD11: =IF(P11="","",EXACT(P11,AL11)) -> FALSE
A12: 10 | B12: 未判定照会 | C12: 4 | D12: 1 | E12: NULL | F12: NULL | G12: NULL | H12: 〇 | I12: 不可 | J12: 10 | K12: 未判定照会 | L12: 4 | M12: 1 | N12: NULL | O12: NULL | P12: NULL | R12: INSERT INTO | S12: MST_DEAL_TBL | T12: VALUES( | U12: =J12&" , "&"'"&K12&"'"&" , "&L12&" , "&M12&" , "&N12&" , "&O12&" , "&P12 -> 10 , '未判定照会' , 4 , 1 , NULL , NULL , NULL | V12: ); | X12: =IF(J12="","",EXACT(J12,AF12)) -> FALSE | Y12: =IF(K12="","",EXACT(K12,AG12)) -> FALSE | Z12: =IF(L12="","",EXACT(L12,AH12)) -> FALSE | AA12: =IF(M12="","",EXACT(M12,AI12)) -> FALSE | AB12: =IF(N12="","",EXACT(N12,AJ12)) -> FALSE | AC12: =IF(O12="","",EXACT(O12,AK12)) -> FALSE | AD12: =IF(P12="","",EXACT(P12,AL12)) -> FALSE
A13: 11 | B13: 判定済照会 | C13: 4 | D13: 1 | E13: NULL | F13: NULL | G13: NULL | H13: 〇 | I13: 不可 | J13: 11 | K13: 判定済照会 | L13: 4 | M13: 1 | N13: NULL | O13: NULL | P13: NULL | R13: INSERT INTO | S13: MST_DEAL_TBL | T13: VALUES( | U13: =J13&" , "&"'"&K13&"'"&" , "&L13&" , "&M13&" , "&N13&" , "&O13&" , "&P13 -> 11 , '判定済照会' , 4 , 1 , NULL , NULL , NULL | V13: ); | X13: =IF(J13="","",EXACT(J13,AF13)) -> FALSE | Y13: =IF(K13="","",EXACT(K13,AG13)) -> FALSE | Z13: =IF(L13="","",EXACT(L13,AH13)) -> FALSE | AA13: =IF(M13="","",EXACT(M13,AI13)) -> FALSE | AB13: =IF(N13="","",EXACT(N13,AJ13)) -> FALSE | AC13: =IF(O13="","",EXACT(O13,AK13)) -> FALSE | AD13: =IF(P13="","",EXACT(P13,AL13)) -> FALSE
A14: 12 | B14: ファイル処理状況照会 | C14: 4 | D14: 1 | E14: NULL | F14: NULL | G14: NULL | H14: 〇 | I14: 不可 | J14: 12 | K14: ファイル処理状況照会 | L14: 4 | M14: 1 | N14: NULL | O14: NULL | P14: NULL | R14: INSERT INTO | S14: MST_DEAL_TBL | T14: VALUES( | U14: =J14&" , "&"'"&K14&"'"&" , "&L14&" , "&M14&" , "&N14&" , "&O14&" , "&P14 -> 12 , 'ファイル処理状況照会' , 4 , 1 , NULL , NULL , NULL | V14: ); | X14: =IF(J14="","",EXACT(J14,AF14)) -> FALSE | Y14: =IF(K14="","",EXACT(K14,AG14)) -> FALSE | Z14: =IF(L14="","",EXACT(L14,AH14)) -> FALSE | AA14: =IF(M14="","",EXACT(M14,AI14)) -> FALSE | AB14: =IF(N14="","",EXACT(N14,AJ14)) -> FALSE | AC14: =IF(O14="","",EXACT(O14,AK14)) -> FALSE | AD14: =IF(P14="","",EXACT(P14,AL14)) -> FALSE
... A17: 15 | B17: 判定済照会（連動） | C17: 5 | D17: 1 | E17: NULL | F17: NULL | G17: NULL | H17: 〇 | I17: 不可 | J17: 15 | K17: 判定済照会（連動） | L17: 5 | M17: 1 | N17: NULL | O17: NULL | P17: NULL | R17: INSERT INTO | S17: MST_DEAL_TBL | T17: VALUES( | U17: =J17&" , "&"'"&K17&"'"&" , "&L17&" , "&M17&" , "&N17&" , "&O17&" , "&P17 -> 15 , '判定済照会（連動）' , 5 , 1 , NULL , NULL , NULL | V17: ); | X17: =IF(J17="","",EXACT(J17,AF17)) -> FALSE | Y17: =IF(K17="","",EXACT(K17,AG17)) -> FALSE | Z17: =IF(L17="","",EXACT(L17,AH17)) -> FALSE | AA17: =IF(M17="","",EXACT(M17,AI17)) -> FALSE | AB17: =IF(N17="","",EXACT(N17,AJ17)) -> FALSE | AC17: =IF(O17="","",EXACT(O17,AK17)) -> FALSE | AD17: =IF(P17="","",EXACT(P17,AL17)) -> FALSE
A18: 16 | B18: 共通リスト登録日照会 | C18: 2 | D18: 1 | E18: NULL | F18: NULL | G18: NULL | H18: × | I18: 不可 | Q18: PKGでは廃止したメニュー | R18: INSERT INTO | S18: MST_DEAL_TBL | T18: VALUES( | U18: =J18&" , "&"'"&K18&"'"&" , "&L18&" , "&M18&" , "&N18&" , "&O18&" , "&P18 -> , '' , , , , , | V18: ); | X18: =IF(J18="","",EXACT(J18,AF18)) | Y18: =IF(K18="","",EXACT(K18,AG18)) | Z18: =IF(L18="","",EXACT(L18,AH18)) | AA18: =IF(M18="","",EXACT(M18,AI18)) | AB18: =IF(N18="","",EXACT(N18,AJ18)) | AC18: =IF(O18="","",EXACT(O18,AK18)) | AD18: =IF(P18="","",EXACT(P18,AL18))
A19: 17 | B19: URL連携フィルタリング | C19: 3 | D19: 1 | E19: NULL | F19: NULL | G19: NULL | H19: 〇 | I19: 不可 | J19: 17 | K19: URL連携フィルタリング | L19: 3 | M19: 1 | N19: NULL | O19: NULL | P19: NULL | R19: INSERT INTO | S19: MST_DEAL_TBL | T19: VALUES( | U19: =J19&" , "&"'"&K19&"'"&" , "&L19&" , "&M19&" , "&N19&" , "&O19&" , "&P19 -> 17 , 'URL連携フィルタリング' , 3 , 1 , NULL , NULL , NULL | V19: ); | X19: =IF(J19="","",EXACT(J19,AF19)) -> FALSE | Y19: =IF(K19="","",EXACT(K19,AG19)) -> FALSE | Z19: =IF(L19="","",EXACT(L19,AH19)) -> FALSE | AA19: =IF(M19="","",EXACT(M19,AI19)) -> FALSE | AB19: =IF(N19="","",EXACT(N19,AJ19)) -> FALSE | AC19: =IF(O19="","",EXACT(O19,AK19)) -> FALSE | AD19: =IF(P19="","",EXACT(P19,AL19)) -> FALSE
A20: 18 | B20: CRM連携フィルタリング | C20: 3 | D20: 1 | E20: NULL | F20: NULL | G20: NULL | H20: × | I20: 不可 | Q20: カスタマイズメニュー | R20: INSERT INTO | S20: MST_DEAL_TBL | T20: VALUES( | U20: =J20&" , "&"'"&K20&"'"&" , "&L20&" , "&M20&" , "&N20&" , "&O20&" , "&P20 -> , '' , , , , , | V20: ); | X20: =IF(J20="","",EXACT(J20,AF20)) | Y20: =IF(K20="","",EXACT(K20,AG20)) | Z20: =IF(L20="","",EXACT(L20,AH20)) | AA20: =IF(M20="","",EXACT(M20,AI20)) | AB20: =IF(N20="","",EXACT(N20,AJ20)) | AC20: =IF(O20="","",EXACT(O20,AK20)) | AD20: =IF(P20="","",EXACT(P20,AL20))
A21: 19 | B21: CRM連携帳票出力 | C21: 3 | D21: 1 | E21: NULL | F21: NULL | G21: NULL | H21: × | I21: 不可 | Q21: カスタマイズメニュー | R21: INSERT INTO | S21: MST_DEAL_TBL | T21: VALUES( | U21: =J21&" , "&"'"&K21&"'"&" , "&L21&" , "&M21&" , "&N21&" , "&O21&" , "&P21 -> , '' , , , , , | V21: ); | X21: =IF(J21="","",EXACT(J21,AF21)) | Y21: =IF(K21="","",EXACT(K21,AG21)) | Z21: =IF(L21="","",EXACT(L21,AH21)) | AA21: =IF(M21="","",EXACT(M21,AI21)) | AB21: =IF(N21="","",EXACT(N21,AJ21)) | AC21: =IF(O21="","",EXACT(O21,AK21)) | AD21: =IF(P21="","",EXACT(P21,AL21))
A22: 20 | B22: SOAPフィルタリング | C22: 5 | D22: 1 | E22: NULL | F22: NULL | G22: NULL | H22: 〇 | I22: 不可 | J22: 20 | K22: SOAPフィルタリング | L22: 5 | M22: 1 | N22: NULL | O22: NULL | P22: NULL | R22: INSERT INTO | S22: MST_DEAL_TBL | T22: VALUES( | U22: =J22&" , "&"'"&K22&"'"&" , "&L22&" , "&M22&" , "&N22&" , "&O22&" , "&P22 -> 20 , 'SOAPフィルタリング' , 5 , 1 , NULL , NULL , NULL | V22: ); | X22: =IF(J22="","",EXACT(J22,AF22)) -> FALSE | Y22: =IF(K22="","",EXACT(K22,AG22)) -> FALSE | Z22: =IF(L22="","",EXACT(L22,AH22)) -> FALSE | AA22: =IF(M22="","",EXACT(M22,AI22)) -> FALSE | AB22: =IF(N22="","",EXACT(N22,AJ22)) -> FALSE | AC22: =IF(O22="","",EXACT(O22,AK22)) -> FALSE | AD22: =IF(P22="","",EXACT(P22,AL22)) -> FALSE
A23: 21 | B23: 個別リストアップロード | C23: 2 | D23: 1 | E23: NULL | F23: NULL | G23: NULL | H23: × | I23: 不可 | Q23: カスタマイズメニュー | R23: INSERT INTO | S23: MST_DEAL_TBL | T23: VALUES( | U23: =J23&" , "&"'"&K23&"'"&" , "&L23&" , "&M23&" , "&N23&" , "&O23&" , "&P23 -> , '' , , , , , | V23: ); | X23: =IF(J23="","",EXACT(J23,AF23)) | Y23: =IF(K23="","",EXACT(K23,AG23)) | Z23: =IF(L23="","",EXACT(L23,AH23)) | AA23: =IF(M23="","",EXACT(M23,AI23)) | AB23: =IF(N23="","",EXACT(N23,AJ23)) | AC23: =IF(O23="","",EXACT(O23,AK23)) | AD23: =IF(P23="","",EXACT(P23,AL23))
A24: 22 | B24: 項目リストアップロード | C24: 2 | D24: 1 | E24: NULL | F24: NULL | G24: NULL | H24: × | I24: 不可 | Q24: カスタマイズメニュー | R24: INSERT INTO | S24: MST_DEAL_TBL | T24: VALUES( | U24: =J24&" , "&"'"&K24&"'"&" , "&L24&" , "&M24&" , "&N24&" , "&O24&" , "&P24 -> , '' , , , , , | V24: ); | X24: =IF(J24="","",EXACT(J24,AF24)) | Y24: =IF(K24="","",EXACT(K24,AG24)) | Z24: =IF(L24="","",EXACT(L24,AH24)) | AA24: =IF(M24="","",EXACT(M24,AI24)) | AB24: =IF(N24="","",EXACT(N24,AJ24)) | AC24: =IF(O24="","",EXACT(O24,AK24)) | AD24: =IF(P24="","",EXACT(P24,AL24))
A25: 23 | B25: 項目フィルタリング | C25: 5 | D25: 1 | E25: NULL | F25: NULL | G25: NULL | H25: × | I25: 不可 | Q25: カスタマイズメニュー | R25: INSERT INTO | S25: MST_DEAL_TBL | T25: VALUES( | U25: =J25&" , "&"'"&K25&"'"&" , "&L25&" , "&M25&" , "&N25&" , "&O25&" , "&P25 -> , '' , , , , , | V25: ); | X25: =IF(J25="","",EXACT(J25,AF25)) | Y25: =IF(K25="","",EXACT(K25,AG25)) | Z25: =IF(L25="","",EXACT(L25,AH25)) | AA25: =IF(M25="","",EXACT(M25,AI25)) | AB25: =IF(N25="","",EXACT(N25,AJ25)) | AC25: =IF(O25="","",EXACT(O25,AK25)) | AD25: =IF(P25="","",EXACT(P25,AL25))
A26: 24 | B26: シミュレーション予約 | C26: 6 | D26: 1 | E26: NULL | F26: NULL | G26: NULL | H26: 〇 | I26: 不可 | J26: 24 | K26: シミュレーション予約 | L26: 6 | M26: 1 | N26: NULL | O26: NULL | P26: NULL | R26: INSERT INTO | S26: MST_DEAL_TBL | T26: VALUES( | U26: =J26&" , "&"'"&K26&"'"&" , "&L26&" , "&M26&" , "&N26&" , "&O26&" , "&P26 -> 24 , 'シミュレーション予約' , 6 , 1 , NULL , NULL , NULL | V26: ); | X26: =IF(J26="","",EXACT(J26,AF26)) -> FALSE | Y26: =IF(K26="","",EXACT(K26,AG26)) -> FALSE | Z26: =IF(L26="","",EXACT(L26,AH26)) -> FALSE | AA26: =IF(M26="","",EXACT(M26,AI26)) -> FALSE | AB26: =IF(N26="","",EXACT(N26,AJ26)) -> FALSE | AC26: =IF(O26="","",EXACT(O26,AK26)) -> FALSE | AD26: =IF(P26="","",EXACT(P26,AL26)) -> FALSE
A27: 25 | B27: シミュレーション結果確認 | C27: 6 | D27: 1 | E27: NULL | F27: NULL | G27: NULL | H27: 〇 | I27: 不可 | J27: 25 | K27: シミュレーション結果確認 | L27: 6 | M27: 1 | N27: NULL | O27: NULL | P27: NULL | R27: INSERT INTO | S27: MST_DEAL_TBL | T27: VALUES( | U27: =J27&" , "&"'"&K27&"'"&" , "&L27&" , "&M27&" , "&N27&" , "&O27&" , "&P27 -> 25 , 'シミュレーション結果確認' , 6 , 1 , NULL , NULL , NULL | V27: ); | X27: =IF(J27="","",EXACT(J27,AF27)) -> FALSE | Y27: =IF(K27="","",EXACT(K27,AG27)) -> FALSE | Z27: =IF(L27="","",EXACT(L27,AH27)) -> FALSE | AA27: =IF(M27="","",EXACT(M27,AI27)) -> FALSE | AB27: =IF(N27="","",EXACT(N27,AJ27)) -> FALSE | AC27: =IF(O27="","",EXACT(O27,AK27)) -> FALSE | AD27: =IF(P27="","",EXACT(P27,AL27)) -> FALSE
A28: 26 | B28: シミュレーションフィルタリング環境設定 | C28: 6 | D28: 1 | E28: NULL | F28: NULL | G28: NULL | H28: × | I28: 不可 | Q28: PKGでは廃止したメニュー | R28: INSERT INTO | S28: MST_DEAL_TBL | T28: VALUES( | U28: =J28&" , "&"'"&K28&"'"&" , "&L28&" , "&M28&" , "&N28&" , "&O28&" , "&P28 -> , '' , , , , , | V28: ); | X28: =IF(J28="","",EXACT(J28,AF28)) | Y28: =IF(K28="","",EXACT(K28,AG28)) | Z28: =IF(L28="","",EXACT(L28,AH28)) | AA28: =IF(M28="","",EXACT(M28,AI28)) | AB28: =IF(N28="","",EXACT(N28,AJ28)) | AC28: =IF(O28="","",EXACT(O28,AK28)) | AD28: =IF(P28="","",EXACT(P28,AL28))
A29: 27 | B29: 検索対象者一覧アップロード | C29: 4 | D29: 1 | E29: NULL | F29: NULL | G29: NULL | H29: 〇 | I29: 不可 | J29: 27 | K29: 検索対象者一覧アップロード | L29: 4 | M29: 1 | N29: NULL | O29: NULL | P29: NULL | R29: INSERT INTO | S29: MST_DEAL_TBL | T29: VALUES( | U29: =J29&" , "&"'"&K29&"'"&" , "&L29&" , "&M29&" , "&N29&" , "&O29&" , "&P29 -> 27 , '検索対象者一覧アップロード' , 4 , 1 , NULL , NULL , NULL | V29: ); | X29: =IF(J29="","",EXACT(J29,AF29)) -> FALSE | Y29: =IF(K29="","",EXACT(K29,AG29)) -> FALSE | Z29: =IF(L29="","",EXACT(L29,AH29)) -> FALSE | AA29: =IF(M29="","",EXACT(M29,AI29)) -> FALSE | AB29: =IF(N29="","",EXACT(N29,AJ29)) -> FALSE | AC29: =IF(O29="","",EXACT(O29,AK29)) -> FALSE | AD29: =IF(P29="","",EXACT(P29,AL29)) -> FALSE
A30: 28 | B30: 登録済リスト参照 | C30: 7 | D30: 1 | E30: NULL | F30: NULL | G30: NULL | H30: 〇 | I30: 不可 | J30: 28 | K30: 登録済リスト参照 | L30: 7 | M30: 1 | N30: NULL | O30: NULL | P30: NULL | R30: INSERT INTO | S30: MST_DEAL_TBL | T30: VALUES( | U30: =J30&" , "&"'"&K30&"'"&" , "&L30&" , "&M30&" , "&N30&" , "&O30&" , "&P30 -> 28 , '登録済リスト参照' , 7 , 1 , NULL , NULL , NULL | V30: ); | X30: =IF(J30="","",EXACT(J30,AF30)) -> FALSE | Y30: =IF(K30="","",EXACT(K30,AG30)) -> FALSE | Z30: =IF(L30="","",EXACT(L30,AH30)) -> FALSE | AA30: =IF(M30="","",EXACT(M30,AI30)) -> FALSE | AB30: =IF(N30="","",EXACT(N30,AJ30)) -> FALSE | AC30: =IF(O30="","",EXACT(O30,AK30)) -> FALSE | AD30: =IF(P30="","",EXACT(P30,AL30)) -> FALSE
A31: 29 | B31: リスト追加登録 | C31: 7 | D31: 1 | E31: NULL | F31: NULL | G31: NULL | H31: × | I31: 不可 | Q31: PKGでは廃止したメニュー | R31: INSERT INTO | S31: MST_DEAL_TBL | T31: VALUES( | U31: =J31&" , "&"'"&K31&"'"&" , "&L31&" , "&M31&" , "&N31&" , "&O31&" , "&P31 -> , '' , , , , , | V31: ); | X31: =IF(J31="","",EXACT(J31,AF31)) | Y31: =IF(K31="","",EXACT(K31,AG31)) | Z31: =IF(L31="","",EXACT(L31,AH31)) | AA31: =IF(M31="","",EXACT(M31,AI31)) | AB31: =IF(N31="","",EXACT(N31,AJ31)) | AC31: =IF(O31="","",EXACT(O31,AK31)) | AD31: =IF(P31="","",EXACT(P31,AL31))
A32: 30 | B32: リストアップロード | C32: 7 | D32: 1 | E32: NULL | F32: NULL | G32: NULL | H32: 〇 | I32: 不可 | J32: 30 | K32: リストアップロード | L32: 7 | M32: 1 | N32: NULL | O32: NULL | P32: NULL | R32: INSERT INTO | S32: MST_DEAL_TBL | T32: VALUES( | U32: =J32&" , "&"'"&K32&"'"&" , "&L32&" , "&M32&" , "&N32&" , "&O32&" , "&P32 -> 30 , 'リストアップロード' , 7 , 1 , NULL , NULL , NULL | V32: ); | X32: =IF(J32="","",EXACT(J32,AF32)) -> FALSE | Y32: =IF(K32="","",EXACT(K32,AG32)) -> FALSE | Z32: =IF(L32="","",EXACT(L32,AH32)) -> FALSE | AA32: =IF(M32="","",EXACT(M32,AI32)) -> FALSE | AB32: =IF(N32="","",EXACT(N32,AJ32)) -> FALSE | AC32: =IF(O32="","",EXACT(O32,AK32)) -> FALSE | AD32: =IF(P32="","",EXACT(P32,AL32)) -> FALSE
A33: 31 | B33: ホワイトリスト登録 | C33: 7 | D33: 1 | E33: NULL | F33: NULL | G33: NULL | H33: 〇 | I33: 不可 | J33: 31 | K33: ホワイトリスト登録 | L33: 7 | M33: 1 | N33: NULL | O33: NULL | P33: NULL | R33: INSERT INTO | S33: MST_DEAL_TBL | T33: VALUES( | U33: =J33&" , "&"'"&K33&"'"&" , "&L33&" , "&M33&" , "&N33&" , "&O33&" , "&P33 -> 31 , 'ホワイトリスト登録' , 7 , 1 , NULL , NULL , NULL | V33: ); | X33: =IF(J33="","",EXACT(J33,AF33)) -> FALSE | Y33: =IF(K33="","",EXACT(K33,AG33)) -> FALSE | Z33: =IF(L33="","",EXACT(L33,AH33)) -> FALSE | AA33: =IF(M33="","",EXACT(M33,AI33)) -> FALSE | AB33: =IF(N33="","",EXACT(N33,AJ33)) -> FALSE | AC33: =IF(O33="","",EXACT(O33,AK33)) -> FALSE | AD33: =IF(P33="","",EXACT(P33,AL33)) -> FALSE
A34: 32 | B34: 長期保管判定履歴照会 | C34: 8 | D34: 1 | E34: NULL | F34: NULL | G34: NULL | H34: × | I34: 不可 | Q34: PKGでは廃止したメニュー | R34: INSERT INTO | S34: MST_DEAL_TBL | T34: VALUES( | U34: =J34&" , "&"'"&K34&"'"&" , "&L34&" , "&M34&" , "&N34&" , "&O34&" , "&P34 -> , '' , , , , , | V34: ); | X34: =IF(J34="","",EXACT(J34,AF34)) | Y34: =IF(K34="","",EXACT(K34,AG34)) | Z34: =IF(L34="","",EXACT(L34,AH34)) | AA34: =IF(M34="","",EXACT(M34,AI34)) | AB34: =IF(N34="","",EXACT(N34,AJ34)) | AC34: =IF(O34="","",EXACT(O34,AK34)) | AD34: =IF(P34="","",EXACT(P34,AL34))
A35: 33 | B35: 長期保管操作ログ照会 | C35: 8 | D35: 1 | E35: NULL | F35: NULL | G35: NULL | H35: × | I35: 不可 | Q35: PKGでは廃止したメニュー | R35: INSERT INTO | S35: MST_DEAL_TBL | T35: VALUES( | U35: =J35&" , "&"'"&K35&"'"&" , "&L35&" , "&M35&" , "&N35&" , "&O35&" , "&P35 -> , '' , , , , , | V35: ); | X35: =IF(J35="","",EXACT(J35,AF35)) | Y35: =IF(K35="","",EXACT(K35,AG35)) | Z35: =IF(L35="","",EXACT(L35,AH35)) | AA35: =IF(M35="","",EXACT(M35,AI35)) | AB35: =IF(N35="","",EXACT(N35,AJ35)) | AC35: =IF(O35="","",EXACT(O35,AK35)) | AD35: =IF(P35="","",EXACT(P35,AL35))
A36: 34 | B36: バッチフィルタリング中断処理 | C36: 4 | D36: 1 | E36: NULL | F36: NULL | G36: NULL | H36: 〇 | I36: 不可 | J36: 34 | K36: バッチフィルタリング中断処理 | L36: 4 | M36: 1 | N36: NULL | O36: NULL | P36: NULL | R36: INSERT INTO | S36: MST_DEAL_TBL | T36: VALUES( | U36: =J36&" , "&"'"&K36&"'"&" , "&L36&" , "&M36&" , "&N36&" , "&O36&" , "&P36 -> 34 , 'バッチフィルタリング中断処理' , 4 , 1 , NULL , NULL , NULL | V36: ); | X36: =IF(J36="","",EXACT(J36,AF36)) -> FALSE | Y36: =IF(K36="","",EXACT(K36,AG36)) -> FALSE | Z36: =IF(L36="","",EXACT(L36,AH36)) -> FALSE | AA36: =IF(M36="","",EXACT(M36,AI36)) -> FALSE | AB36: =IF(N36="","",EXACT(N36,AJ36)) -> FALSE | AC36: =IF(O36="","",EXACT(O36,AK36)) -> FALSE | AD36: =IF(P36="","",EXACT(P36,AL36)) -> FALSE
A37: 35 | B37: SOAPリスト更新 | C37: 7 | D37: 1 | E37: NULL | F37: NULL | G37: NULL | H37: × | I37: 不可 | Q37: PKGでは廃止したメニュー | R37: INSERT INTO | S37: MST_DEAL_TBL | T37: VALUES( | U37: =J37&" , "&"'"&K37&"'"&" , "&L37&" , "&M37&" , "&N37&" , "&O37&" , "&P37 -> , '' , , , , , | V37: ); | X37: =IF(J37="","",EXACT(J37,AF37)) | Y37: =IF(K37="","",EXACT(K37,AG37)) | Z37: =IF(L37="","",EXACT(L37,AH37)) | AA37: =IF(M37="","",EXACT(M37,AI37)) | AB37: =IF(N37="","",EXACT(N37,AJ37)) | AC37: =IF(O37="","",EXACT(O37,AK37)) | AD37: =IF(P37="","",EXACT(P37,AL37))
A38: 36 | B38: オンラインリスト反映 | C38: 8 | D38: 1 | E38: NULL | F38: NULL | G38: NULL | H38: × | I38: 不可 | Q38: PKGでは廃止したメニュー | R38: INSERT INTO | S38: MST_DEAL_TBL | T38: VALUES( | U38: =J38&" , "&"'"&K38&"'"&" , "&L38&" , "&M38&" , "&N38&" , "&O38&" , "&P38 -> , '' , , , , , | V38: ); | X38: =IF(J38="","",EXACT(J38,AF38)) | Y38: =IF(K38="","",EXACT(K38,AG38)) | Z38: =IF(L38="","",EXACT(L38,AH38)) | AA38: =IF(M38="","",EXACT(M38,AI38)) | AB38: =IF(N38="","",EXACT(N38,AJ38)) | AC38: =IF(O38="","",EXACT(O38,AK38)) | AD38: =IF(P38="","",EXACT(P38,AL38))
A39: 37 | B39: 運用ファイルアップロード | C39: 2 | D39: 1 | E39: NULL | F39: NULL | G39: NULL | H39: 〇 | I39: 不可 | J39: 37 | K39: 運用ファイルアップロード | L39: 2 | M39: 1 | N39: NULL | O39: NULL | P39: NULL | R39: INSERT INTO | S39: MST_DEAL_TBL | T39: VALUES( | U39: =J39&" , "&"'"&K39&"'"&" , "&L39&" , "&M39&" , "&N39&" , "&O39&" , "&P39 -> 37 , '運用ファイルアップロード' , 2 , 1 , NULL , NULL , NULL | V39: ); | X39: =IF(J39="","",EXACT(J39,AF39)) -> FALSE | Y39: =IF(K39="","",EXACT(K39,AG39)) -> FALSE | Z39: =IF(L39="","",EXACT(L39,AH39)) -> FALSE | AA39: =IF(M39="","",EXACT(M39,AI39)) -> FALSE | AB39: =IF(N39="","",EXACT(N39,AJ39)) -> FALSE | AC39: =IF(O39="","",EXACT(O39,AK39)) -> FALSE | AD39: =IF(P39="","",EXACT(P39,AL39)) -> FALSE

Sheet 9_操作マスタ
A1: パッケージ標準 | F1: 一覧へ | G1: ='1_プロファイルマスタ'!$H$1 -> 横浜銀行様用出荷設定 | K1: 取引名 | M1: SQL
A2: OPE_ID | B2: OPE_NAME | C2: WIN_NAME | D2: DEAL_ID | E2: 構築資材 | F2: 変更可否 | G2: OPE_ID | H2: OPE_NAME | I2: WIN_NAME | J2: DEAL_ID | K2: 数式 | L2: 備考 | M2: 固定 | N2: 固定 | O2: 固定 | P2: 数式 | Q2: 固定 | S2: OPE_ID | T2: OPE_NAME | U2: WIN_NAME | V2: DEAL_ID
A3: 1 | B3: ログイン | C3: ログイン画面 | D3: 1 | E3: 〇 | F3: 不可 | G3: 1 | H3: ログイン | I3: ログイン画面 | J3: 1 | K3: =VLOOKUP(D3,'8_取引マスタ'!$A$3:$G$91,2,FALSE) -> ログイン | M3: INSERT INTO | N3: MST_OPE_TBL | O3: VALUES( | P3: =$G3&" , "&"'"&$H3&"'"&" , "&"'"&$I3&"'"&" , "&$J3 -> 1 , 'ログイン' , 'ログイン画面' , 1 | Q3: ); | S3: =IF(G3="","",EXACT(G3,X3)) -> FALSE | T3: =IF(H3="","",EXACT(H3,Y3)) -> FALSE | U3: =IF(I3="","",EXACT(I3,Z3)) -> FALSE | V3: =IF(J3="","",EXACT(J3,AA3)) -> FALSE
A4: 2 | B4: パスワード変更 | C4: メニュー画面 | D4: 2 | E4: 〇 | F4: 不可 | G4: 2 | H4: パスワード変更 | I4: メニュー画面 | J4: 2 | K4: =VLOOKUP(D4,'8_取引マスタ'!$A$3:$G$91,2,FALSE) -> メニュー | M4: INSERT INTO | N4: MST_OPE_TBL | O4: VALUES( | P4: =$G4&" , "&"'"&$H4&"'"&" , "&"'"&$I4&"'"&" , "&$J4 -> 2 , 'パスワード変更' , 'メニュー画面' , 2 | Q4: ); | S4: =IF(G4="","",EXACT(G4,X4)) -> FALSE | T4: =IF(H4="","",EXACT(H4,Y4)) -> FALSE | U4: =IF(I4="","",EXACT(I4,Z4)) -> FALSE | V4: =IF(J4="","",EXACT(J4,AA4)) -> FALSE
A5: 3 | B5: ユーザ管理 | C5: メニュー画面 | D5: 2 | E5: 〇 | F5: 不可 | G5: 3 | H5: ユーザ管理 | I5: メニュー画面 | J5: 2 | K5: =VLOOKUP(D5,'8_取引マスタ'!$A$3:$G$91,2,FALSE) -> メニュー | M5: INSERT INTO | N5: MST_OPE_TBL | O5: VALUES( | P5: =$G5&" , "&"'"&$H5&"'"&" , "&"'"&$I5&"'"&" , "&$J5 -> 3 , 'ユーザ管理' , 'メニュー画面' , 2 | Q5: ); | S5: =IF(G5="","",EXACT(G5,X5)) -> FALSE | T5: =IF(H5="","",EXACT(H5,Y5)) -> FALSE | U5: =IF(I5="","",EXACT(I5,Z5)) -> FALSE | V5: =IF(J5="","",EXACT(J5,AA5)) -> FALSE
A6: 4 | B6: 本人確認 | C6: メニュー画面 | D6: 2 | E6: 〇 | F6: 不可 | G6: 4 | H6: 本人確認 | I6: メニュー画面 | J6: 2 | K6: =VLOOKUP(D6,'8_取引マスタ'!$A$3:$G$91,2,FALSE) -> メニュー | M6: INSERT INTO | N6: MST_OPE_TBL | O6: VALUES( | P6: =$G6&" , "&"'"&$H6&"'"&" , "&"'"&$I6&"'"&" , "&$J6 -> 4 , '本人確認' , 'メニュー画面' , 2 | Q6: ); | S6: =IF(G6="","",EXACT(G6,X6)) -> FALSE | T6: =IF(H6="","",EXACT(H6,Y6)) -> FALSE | U6: =IF(I6="","",EXACT(I6,Z6)) -> FALSE | V6: =IF(J6="","",EXACT(J6,AA6)) -> FALSE
A7: 5 | B7: 本人確認仕掛照会 | C7: メニュー画面 | D7: 2 | E7: 〇 | F7: 不可 | G7: 5 | H7: 本人確認仕掛照会 | I7: メニュー画面 | J7: 2 | K7: =VLOOKUP(D7,'8_取引マスタ'!$A$3:$G$91,2,FALSE) -> メニュー | M7: INSERT INTO | N7: MST_OPE_TBL | O7: VALUES( | P7: =$G7&" , "&"'"&$H7&"'"&" , "&"'"&$I7&"'"&" , "&$J7 -> 5 , '本人確認仕掛照会' , 'メニュー画面' , 2 | Q7: ); | S7: =IF(G7="","",EXACT(G7,X7)) -> FALSE | T7: =IF(H7="","",EXACT(H7,Y7)) -> FALSE | U7: =IF(I7="","",EXACT(I7,Z7)) -> FALSE | V7: =IF(J7="","",EXACT(J7,AA7)) -> FALSE
A8: 6 | B8: 判定履歴照会 | C8: メニュー画面 | D8: 2 | E8: 〇 | F8: 不可 | G8: 6 | H8: 判定履歴照会 | I8: メニュー画面 | J8: 2 | K8: =VLOOKUP(D8,'8_取引マスタ'!$A$3:$G$91,2,FALSE) -> メニュー | M8: INSERT INTO | N8: MST_OPE_TBL | O8: VALUES( | P8: =$G8&" , "&"'"&$H8&"'"&" , "&"'"&$I8&"'"&" , "&$J8 -> 6 , '判定履歴照会' , 'メニュー画面' , 2 | Q8: ); | S8: =IF(G8="","",EXACT(G8,X8)) -> FALSE | T8: =IF(H8="","",EXACT(H8,Y8)) -> FALSE | U8: =IF(I8="","",EXACT(I8,Z8)) -> FALSE | V8: =IF(J8="","",EXACT(J8,AA8)) -> FALSE
A9: 7 | B9: メニュー | C9: ヘッダー画面 | D9: 3 | E9: 〇 | F9: 不可 | G9: 7 | H9: メニュー | I9: ヘッダー画面 | J9: 3 | K9: =VLOOKUP(D9,'8_取引マスタ'!$A$3:$G$91,2,FALSE) -> ヘッダー | M9: INSERT INTO | N9: MST_OPE_TBL | O9: VALUES( | P9: =$G9&" , "&"'"&$H9&"'"&" , "&"'"&$I9&"'"&" , "&$J9 -> 7 , 'メニュー' , 'ヘッダー画面' , 3 | Q9: ); | S9: =IF(G9="","",EXACT(G9,X9)) -> FALSE | T9: =IF(H9="","",EXACT(H9,Y9)) -> FALSE | U9: =IF(I9="","",EXACT(I9,Z9)) -> FALSE | V9: =IF(J9="","",EXACT(J9,AA9)) -> FALSE
A10: 8 | B10: ログアウト | C10: ヘッダー画面 | D10: 3 | E10: 〇 | F10: 不可 | G10: 8 | H10: ログアウト | I10: ヘッダー画面 | J10: 3 | K10: =VLOOKUP(D10,'8_取引マスタ'!$A$3:$G$91,2,FALSE) -> ヘッダー | M10: INSERT INTO | N10: MST_OPE_TBL | O10: VALUES( | P10: =$G10&" , "&"'"&$H10&"'"&" , "&"'"&$I10&"'"&" , "&$J10 -> 8 , 'ログアウト' , 'ヘッダー画面' , 3 | Q10: ); | S10: =IF(G10="","",EXACT(G10,X10)) -> FALSE | T10: =IF(H10="","",EXACT(H10,Y10)) -> FALSE | U10: =IF(I10="","",EXACT(I10,Z10)) -> FALSE | V10: =IF(J10="","",EXACT(J10,AA10)) -> FALSE
A11: 9 | B11: 確定 | C11: パスワード変更画面 | D11: 4 | E11: 〇 | F11: 不可 | G11: 9 | H11: 確定 | I11: パスワード変更画面 | J11: 4 | K11: =VLOOKUP(D11,'8_取引マスタ'!$A$3:$G$91,2,FALSE) -> パスワード変更 | M11: INSERT INTO | N11: MST_OPE_TBL | O11: VALUES( | P11: =$G11&" , "&"'"&$H11&"'"&" , "&"'"&$I11&"'"&" , "&$J11 -> 9 , '確定' , 'パスワード変更画面' , 4 | Q11: ); | S11: =IF(G11="","",EXACT(G11,X11)) -> FALSE | T11: =IF(H11="","",EXACT(H11,Y11)) -> FALSE | U11: =IF(I11="","",EXACT(I11,Z11)) -> FALSE | V11: =IF(J11="","",EXACT(J11,AA11)) -> FALSE
A12: 10 | B12: キャンセル | C12: パスワード変更画面 | D12: 4 | E12: × | F12: 不可 | K12: =VLOOKUP(D12,'8_取引マスタ'!$A$3:$G$91,2,FALSE) -> パスワード変更 | L12: PKGでは廃止したボタン | M12: INSERT INTO | N12: MST_OPE_TBL | O12: VALUES( | P12: =$G12&" , "&"'"&$H12&"'"&" , "&"'"&$I12&"'"&" , "&$J12 -> , '' , '' , | Q12: ); | S12: =IF(G12="","",EXACT(G12,X12)) | T12: =IF(H12="","",EXACT(H12,Y12)) | U12: =IF(I12="","",EXACT(I12,Z12)) | V12: =IF(J12="","",EXACT(J12,AA12))
A13: 11 | B13: 検索 | C13: ユーザ一覧画面 | D13: 5 | E13: 〇 | F13: 不可 | G13: 11 | H13: 検索 | I13: ユーザ一覧画面 | J13: 5 | K13: =VLOOKUP(D13,'8_取引マスタ'!$A$3:$G$91,2,FALSE) -> ユーザ管理 | M13: INSERT INTO | N13: MST_OPE_TBL | O13: VALUES( | P13: =$G13&" , "&"'"&$H13&"'"&" , "&"'"&$I13&"'"&" , "&$J13 -> 11 , '検索' , 'ユーザ一覧画面' , 5 | Q13: ); | S13: =IF(G13="","",EXACT(G13,X13)) -> FALSE | T13: =IF(H13="","",EXACT(H13,Y13)) -> FALSE | U13: =IF(I13="","",EXACT(I13,Z13)) -> FALSE | V13: =IF(J13="","",EXACT(J13,AA13)) -> FALSE
A14: 12 | B14: 新規登録 | C14: ユーザ一覧画面 | D14: 5 | E14: 〇 | F14: 不可 | G14: 12 | H14: 新規登録 | I14: ユーザ一覧画面 | J14: 5 | K14: =VLOOKUP(D14,'8_取引マスタ'!$A$3:$G$91,2,FALSE) -> ユーザ管理 | M14: INSERT INTO | N14: MST_OPE_TBL | O14: VALUES( | P14: =$G14&" , "&"'"&$H14&"'"&" , "&"'"&$I14&"'"&" , "&$J14 -> 12 , '新規登録' , 'ユーザ一覧画面' , 5 | Q14: ); | S14: =IF(G14="","",EXACT(G14,X14)) -> FALSE | T14: =IF(H14="","",EXACT(H14,Y14)) -> FALSE | U14: =IF(I14="","",EXACT(I14,Z14)) -> FALSE | V14: =IF(J14="","",EXACT(J14,AA14)) -> FALSE
A15: 13 | B15: 変更 | C15: ユーザ一覧画面 | D15: 5 | E15: 〇 | F15: 不可 | G15: 13 | H15: 変更 | I15: ユーザ一覧画面 | J15: 5 | K15: =VLOOKUP(D15,'8_取引マスタ'!$A$3:$G$91,2,FALSE) -> ユーザ管理 | M15: INSERT INTO | N15: MST_OPE_TBL | O15: VALUES( | P15: =$G15&" , "&"'"&$H15&"'"&" , "&"'"&$I15&"'"&" , "&$J15 -> 13 , '変更' , 'ユーザ一覧画面' , 5 | Q15: ); | S15: =IF(G15="","",EXACT(G15,X15)) -> FALSE | T15: =IF(H15="","",EXACT(H15,Y15)) -> FALSE | U15: =IF(I15="","",EXACT(I15,Z15)) -> FALSE | V15: =IF(J15="","",EXACT(J15,AA15)) -> FALSE
A16: 14 | B16: 詳細 | C16: ユーザ一覧画面 | D16: 5 | E16: 〇 | F16: 不可 | G16: 14 | H16: 詳細 | I16: ユーザ一覧画面 | J16: 5 | K16: =VLOOKUP(D16,'8_取引マスタ'!$A$3:$G$91,2,FALSE) -> ユーザ管理 | M16: INSERT INTO | N16: MST_OPE_TBL | O16: VALUES( | P16: =$G16&" , "&"'"&$H16&"'"&" , "&"'"&$I16&"'"&" , "&$J16 -> 14 , '詳細' , 'ユーザ一覧画面' , 5 | Q16: ); | S16: =IF(G16="","",EXACT(G16,X16)) -> FALSE | T16: =IF(H16="","",EXACT(H16,Y16)) -> FALSE | U16: =IF(I16="","",EXACT(I16,Z16)) -> FALSE | V16: =IF(J16="","",EXACT(J16,AA16)) -> FALSE
A17: 15 | B17: 削除 | C17: ユーザ一覧画面 | D17: 5 | E17: 〇 | F17: 不可 | G17: 15 | H17: 削除 | I17: ユーザ一覧画面 | J17: 5 | K17: =VLOOKUP(D17,'8_取引マスタ'!$A$3:$G$91,2,FALSE) -> ユーザ管理 | M17: INSERT INTO | N17: MST_OPE_TBL | O17: VALUES( | P17: =$G17&" , "&"'"&$H17&"'"&" , "&"'"&$I17&"'"&" , "&$J17 -> 15 , '削除' , 'ユーザ一覧画面' , 5 | Q17: ); | S17: =IF(G17="","",EXACT(G17,X17)) -> FALSE | T17: =IF(H17="","",EXACT(H17,Y17)) -> FALSE | U17: =IF(I17="","",EXACT(I17,Z17)) -> FALSE | V17: =IF(J17="","",EXACT(J17,AA17)) -> FALSE
A18: 16 | B18: キャンセル | C18: ユーザ登録変更画面 | D18: 5 | E18: 〇 | F18: 不可 | G18: 16 | H18: キャンセル | I18: ユーザ登録変更画面 | J18: 5 | K18: =VLOOKUP(D18,'8_取引マスタ'!$A$3:$G$91,2,FALSE) -> ユーザ管理 | M18: INSERT INTO | N18: MST_OPE_TBL | O18: VALUES( | P18: =$G18&" , "&"'"&$H18&"'"&" , "&"'"&$I18&"'"&" , "&$J18 -> 16 , 'キャンセル' , 'ユーザ登録変更画面' , 5 | Q18: ); | S18: =IF(G18="","",EXACT(G18,X18)) -> FALSE | T18: =IF(H18="","",EXACT(H18,Y18)) -> FALSE | U18: =IF(I18="","",EXACT(I18,Z18)) -> FALSE | V18: =IF(J18="","",EXACT(J18,AA18)) -> FALSE
A19: 17 | B19: 登録 | C19: ユーザ登録変更画面 | D19: 5 | E19: 〇 | F19: 不可 | G19: 17 | H19: 登録 | I19: ユーザ登録変更画面 | J19: 5 | K19: =VLOOKUP(D19,'8_取引マスタ'!$A$3:$G$91,2,FALSE) -> ユーザ管理 | M19: INSERT INTO | N19: MST_OPE_TBL | O19: VALUES( | P19: =$G19&" , "&"'"&$H19&"'"&" , "&"'"&$I19&"'"&" , "&$J19 -> 17 , '登録' , 'ユーザ登録変更画面' , 5 | Q19: ); | S19: =IF(G19="","",EXACT(G19,X19)) -> FALSE | T19: =IF(H19="","",EXACT(H19,Y19)) -> FALSE | U19: =IF(I19="","",EXACT(I19,Z19)) -> FALSE | V19: =IF(J19="","",EXACT(J19,AA19)) -> FALSE
A20: 18 | B20: 確定 | C20: ユーザ登録変更画面 | D20: 5 | E20: 〇 | F20: 不可 | G20: 18 | H20: 確定 | I20: ユーザ登録変更画面 | J20: 5 | K20: =VLOOKUP(D20,'8_取引マスタ'!$A$3:$G$91,2,FALSE) -> ユーザ管理 | M20: INSERT INTO | N20: MST_OPE_TBL | O20: VALUES( | P20: =$G20&" , "&"'"&$H20&"'"&" , "&"'"&$I20&"'"&" , "&$J20 -> 18 , '確定' , 'ユーザ登録変更画面' , 5 | Q20: ); | S20: =IF(G20="","",EXACT(G20,X20)) -> FALSE | T20: =IF(H20="","",EXACT(H20,Y20)) -> FALSE | U20: =IF(I20="","",EXACT(I20,Z20)) -> FALSE | V20: =IF(J20="","",EXACT(J20,AA20)) -> FALSE
A21: 19 | B21: 一覧画面へ | C21: ユーザ詳細画面 | D21: 5 | E21: 〇 | F21: 不可 | G21: 19 | H21: 一覧画面へ | I21: ユーザ詳細画面 | J21: 5 | K21: =VLOOKUP(D21,'8_取引マスタ'!$A$3:$G$91,2,FALSE) -> ユーザ管理 | M21: INSERT INTO | N21: MST_OPE_TBL | O21: VALUES( | P21: =$G21&" , "&"'"&$H21&"'"&" , "&"'"&$I21&"'"&" , "&$J21 -> 19 , '一覧画面へ' , 'ユーザ詳細画面' , 5 | Q21: ); | S21: =IF(G21="","",EXACT(G21,X21)) -> FALSE | T21: =IF(H21="","",EXACT(H21,Y21)) -> FALSE | U21: =IF(I21="","",EXACT(I21,Z21)) -> FALSE | V21: =IF(J21="","",EXACT(J21,AA21)) -> FALSE
A22: 20 | B22: フィルタリング実行 | C22: 本人確認入力画面 | D22: 6 | E22: 〇 | F22: 不可 | G22: 20 | H22: フィルタリング実行 | I22: 本人確認入力画面 | J22: 6 | K22: =VLOOKUP(D22,'8_取引マスタ'!$A$3:$G$91,2,FALSE) -> 本人確認 | M22: INSERT INTO | N22: MST_OPE_TBL | O22: VALUES( | P22: =$G22&" , "&"'"&$H22&"'"&" , "&"'"&$I22&"'"&" , "&$J22 -> 20 , 'フィルタリング実行' , '本人確認入力画面' , 6 | Q22: ); | S22: =IF(G22="","",EXACT(G22,X22)) -> FALSE | T22: =IF(H22="","",EXACT(H22,Y22)) -> FALSE | U22: =IF(I22="","",EXACT(I22,Z22)) -> FALSE | V22: =IF(J22="","",EXACT(J22,AA22)) -> FALSE
A23: 21 | B23: 判定 | C23: 判定画面 | D23: 6 | E23: 〇 | F23: 不可 | G23: 21 | H23: 判定 | I23: 判定画面 | J23: 6 | K23: =VLOOKUP(D23,'8_取引マスタ'!$A$3:$G$91,2,FALSE) -> 本人確認 | M23: INSERT INTO | N23: MST_OPE_TBL | O23: VALUES( | P23: =$G23&" , "&"'"&$H23&"'"&" , "&"'"&$I23&"'"&" , "&$J23 -> 21 , '判定' , '判定画面' , 6 | Q23: ); | S23: =IF(G23="","",EXACT(G23,X23)) -> FALSE | T23: =IF(H23="","",EXACT(H23,Y23)) -> FALSE | U23: =IF(I23="","",EXACT(I23,Z23)) -> FALSE | V23: =IF(J23="","",EXACT(J23,AA23)) -> FALSE
A24: 22 | B24: キャンセル | C24: 判定画面 | D24: 6 | E24: 〇 | F24: 不可 | G24: 22 | H24: キャンセル | I24: 判定画面 | J24: 6 | K24: =VLOOKUP(D24,'8_取引マスタ'!$A$3:$G$91,2,FALSE) -> 本人確認 | M24: INSERT INTO | N24: MST_OPE_TBL | O24: VALUES( | P24: =$G24&" , "&"'"&$H24&"'"&" , "&"'"&$I24&"'"&" , "&$J24 -> 22 , 'キャンセル' , '判定画面' , 6 | Q24: ); | S24: =IF(G24="","",EXACT(G24,X24)) -> FALSE | T24: =IF(H24="","",EXACT(H24,Y24)) -> FALSE | U24: =IF(I24="","",EXACT(I24,Z24)) -> FALSE | V24: =IF(J24="","",EXACT(J24,AA24)) -> FALSE
... A26: 24 | B26: キャンセル | C26: 確認画面 | D26: 6 | E26: 〇 | F26: 不可 | G26: 24 | H26: キャンセル | I26: 確認画面 | J26: 6 | K26: =VLOOKUP(D26,'8_取引マスタ'!$A$3:$G$91,2,FALSE) -> 本人確認 | M26: INSERT INTO | N26: MST_OPE_TBL | O26: VALUES( | P26: =$G26&" , "&"'"&$H26&"'"&" , "&"'"&$I26&"'"&" , "&$J26 -> 24 , 'キャンセル' , '確認画面' , 6 | Q26: ); | S26: =IF(G26="","",EXACT(G26,X26)) -> FALSE | T26: =IF(H26="","",EXACT(H26,Y26)) -> FALSE | U26: =IF(I26="","",EXACT(I26,Z26)) -> FALSE | V26: =IF(J26="","",EXACT(J26,AA26)) -> FALSE
A27: 25 | B27: 報告準備 | C27: 確認画面 | D27: 6 | E27: × | F27: 不可 | K27: =VLOOKUP(D27,'8_取引マスタ'!$A$3:$G$91,2,FALSE) -> 本人確認 | L27: PKGでは廃止したボタン | M27: INSERT INTO | N27: MST_OPE_TBL | O27: VALUES( | P27: =$G27&" , "&"'"&$H27&"'"&" , "&"'"&$I27&"'"&" , "&$J27 -> , '' , '' , | Q27: ); | S27: =IF(G27="","",EXACT(G27,X27)) | T27: =IF(H27="","",EXACT(H27,Y27)) | U27: =IF(I27="","",EXACT(I27,Z27)) | V27: =IF(J27="","",EXACT(J27,AA27))
A28: 26 | B28: 判定 | C28: 仕掛中一覧画面 | D28: 7 | E28: 〇 | F28: 不可 | G28: 26 | H28: 判定 | I28: 仕掛中一覧画面 | J28: 7 | K28: =VLOOKUP(D28,'8_取引マスタ'!$A$3:$G$91,2,FALSE) -> 本人確認仕掛照会 | M28: INSERT INTO | N28: MST_OPE_TBL | O28: VALUES( | P28: =$G28&" , "&"'"&$H28&"'"&" , "&"'"&$I28&"'"&" , "&$J28 -> 26 , '判定' , '仕掛中一覧画面' , 7 | Q28: ); | S28: =IF(G28="","",EXACT(G28,X28)) -> FALSE | T28: =IF(H28="","",EXACT(H28,Y28)) -> FALSE | U28: =IF(I28="","",EXACT(I28,Z28)) -> FALSE | V28: =IF(J28="","",EXACT(J28,AA28)) -> FALSE
A29: 27 | B29: 判定 | C29: 判定画面 | D29: 7 | E29: 〇 | F29: 不可 | G29: 27 | H29: 判定 | I29: 判定画面 | J29: 7 | K29: =VLOOKUP(D29,'8_取引マスタ'!$A$3:$G$91,2,FALSE) -> 本人確認仕掛照会 | M29: INSERT INTO | N29: MST_OPE_TBL | O29: VALUES( | P29: =$G29&" , "&"'"&$H29&"'"&" , "&"'"&$I29&"'"&" , "&$J29 -> 27 , '判定' , '判定画面' , 7 | Q29: ); | S29: =IF(G29="","",EXACT(G29,X29)) -> FALSE | T29: =IF(H29="","",EXACT(H29,Y29)) -> FALSE | U29: =IF(I29="","",EXACT(I29,Z29)) -> FALSE | V29: =IF(J29="","",EXACT(J29,AA29)) -> FALSE
A30: 28 | B30: キャンセル | C30: 判定画面 | D30: 7 | E30: 〇 | F30: 不可 | G30: 28 | H30: キャンセル | I30: 判定画面 | J30: 7 | K30: =VLOOKUP(D30,'8_取引マスタ'!$A$3:$G$91,2,FALSE) -> 本人確認仕掛照会 | M30: INSERT INTO | N30: MST_OPE_TBL | O30: VALUES( | P30: =$G30&" , "&"'"&$H30&"'"&" , "&"'"&$I30&"'"&" , "&$J30 -> 28 , 'キャンセル' , '判定画面' , 7 | Q30: ); | S30: =IF(G30="","",EXACT(G30,X30)) -> FALSE | T30: =IF(H30="","",EXACT(H30,Y30)) -> FALSE | U30: =IF(I30="","",EXACT(I30,Z30)) -> FALSE | V30: =IF(J30="","",EXACT(J30,AA30)) -> FALSE
A31: 29 | B31: 保留 | C31: 判定画面 | D31: 7 | E31: 〇 | F31: 不可 | G31: 29 | H31: 保留 | I31: 判定画面 | J31: 7 | K31: =VLOOKUP(D31,'8_取引マスタ'!$A$3:$G$91,2,FALSE) -> 本人確認仕掛照会 | M31: INSERT INTO | N31: MST_OPE_TBL | O31: VALUES( | P31: =$G31&" , "&"'"&$H31&"'"&" , "&"'"&$I31&"'"&" , "&$J31 -> 29 , '保留' , '判定画面' , 7 | Q31: ); | S31: =IF(G31="","",EXACT(G31,X31)) -> FALSE | T31: =IF(H31="","",EXACT(H31,Y31)) -> FALSE | U31: =IF(I31="","",EXACT(I31,Z31)) -> FALSE | V31: =IF(J31="","",EXACT(J31,AA31)) -> FALSE
A32: 30 | B32: キャンセル | C32: 確認画面 | D32: 7 | E32: 〇 | F32: 不可 | G32: 30 | H32: キャンセル | I32: 確認画面 | J32: 7 | K32: =VLOOKUP(D32,'8_取引マスタ'!$A$3:$G$91,2,FALSE) -> 本人確認仕掛照会 | M32: INSERT INTO | N32: MST_OPE_TBL | O32: VALUES( | P32: =$G32&" , "&"'"&$H32&"'"&" , "&"'"&$I32&"'"&" , "&$J32 -> 30 , 'キャンセル' , '確認画面' , 7 | Q32: ); | S32: =IF(G32="","",EXACT(G32,X32)) -> FALSE | T32: =IF(H32="","",EXACT(H32,Y32)) -> FALSE | U32: =IF(I32="","",EXACT(I32,Z32)) -> FALSE | V32: =IF(J32="","",EXACT(J32,AA32)) -> FALSE
A33: 31 | B33: 報告準備 | C33: 確認画面 | D33: 7 | E33: × | F33: 不可 | K33: =VLOOKUP(D33,'8_取引マスタ'!$A$3:$G$91,2,FALSE) -> 本人確認仕掛照会 | L33: PKGでは廃止したボタン | M33: INSERT INTO | N33: MST_OPE_TBL | O33: VALUES( | P33: =$G33&" , "&"'"&$H33&"'"&" , "&"'"&$I33&"'"&" , "&$J33 -> , '' , '' , | Q33: ); | S33: =IF(G33="","",EXACT(G33,X33)) | T33: =IF(H33="","",EXACT(H33,Y33)) | U33: =IF(I33="","",EXACT(I33,Z33)) | V33: =IF(J33="","",EXACT(J33,AA33))
A34: 32 | B34: 表示 | C34: 判定履歴検索画面 | D34: 8 | E34: 〇 | F34: 不可 | G34: 32 | H34: 表示 | I34: 判定履歴検索画面 | J34: 8 | K34: =VLOOKUP(D34,'8_取引マスタ'!$A$3:$G$91,2,FALSE) -> 判定履歴照会 | M34: INSERT INTO | N34: MST_OPE_TBL | O34: VALUES( | P34: =$G34&" , "&"'"&$H34&"'"&" , "&"'"&$I34&"'"&" , "&$J34 -> 32 , '表示' , '判定履歴検索画面' , 8 | Q34: ); | S34: =IF(G34="","",EXACT(G34,X34)) -> FALSE | T34: =IF(H34="","",EXACT(H34,Y34)) -> FALSE | U34: =IF(I34="","",EXACT(I34,Z34)) -> FALSE | V34: =IF(J34="","",EXACT(J34,AA34)) -> FALSE
A35: 33 | B35: キャンセル | C35: 確認画面 | D35: 8 | E35: 〇 | F35: 不可 | G35: 33 | H35: キャンセル | I35: 確認画面 | J35: 8 | K35: =VLOOKUP(D35,'8_取引マスタ'!$A$3:$G$91,2,FALSE) -> 判定履歴照会 | M35: INSERT INTO | N35: MST_OPE_TBL | O35: VALUES( | P35: =$G35&" , "&"'"&$H35&"'"&" , "&"'"&$I35&"'"&" , "&$J35 -> 33 , 'キャンセル' , '確認画面' , 8 | Q35: ); | S35: =IF(G35="","",EXACT(G35,X35)) -> FALSE | T35: =IF(H35="","",EXACT(H35,Y35)) -> FALSE | U35: =IF(I35="","",EXACT(I35,Z35)) -> FALSE | V35: =IF(J35="","",EXACT(J35,AA35)) -> FALSE
A36: 34 | B36: 報告準備 | C36: 確認画面 | D36: 8 | E36: × | F36: 不可 | K36: =VLOOKUP(D36,'8_取引マスタ'!$A$3:$G$91,2,FALSE) -> 判定履歴照会 | L36: PKGでは廃止したボタン | M36: INSERT INTO | N36: MST_OPE_TBL | O36: VALUES( | P36: =$G36&" , "&"'"&$H36&"'"&" , "&"'"&$I36&"'"&" , "&$J36 -> , '' , '' , | Q36: ); | S36: =IF(G36="","",EXACT(G36,X36)) | T36: =IF(H36="","",EXACT(H36,Y36)) | U36: =IF(I36="","",EXACT(I36,Z36)) | V36: =IF(J36="","",EXACT(J36,AA36))
A37: 35 | B37: 検索 | C37: 判定履歴検索画面 | D37: 8 | E37: 〇 | F37: 不可 | G37: 35 | H37: 検索 | I37: 判定履歴検索画面 | J37: 8 | K37: =VLOOKUP(D37,'8_取引マスタ'!$A$3:$G$91,2,FALSE) -> 判定履歴照会 | M37: INSERT INTO | N37: MST_OPE_TBL | O37: VALUES( | P37: =$G37&" , "&"'"&$H37&"'"&" , "&"'"&$I37&"'"&" , "&$J37 -> 35 , '検索' , '判定履歴検索画面' , 8 | Q37: ); | S37: =IF(G37="","",EXACT(G37,X37)) -> FALSE | T37: =IF(H37="","",EXACT(H37,Y37)) -> FALSE | U37: =IF(I37="","",EXACT(I37,Z37)) -> FALSE | V37: =IF(J37="","",EXACT(J37,AA37)) -> FALSE
A38: 36 | B38: 操作ログ照会 | C38: メニュー画面 | D38: 2 | E38: 〇 | F38: 不可 | G38: 36 | H38: 操作ログ照会 | I38: メニュー画面 | J38: 2 | K38: =VLOOKUP(D38,'8_取引マスタ'!$A$3:$G$91,2,FALSE) -> メニュー | M38: INSERT INTO | N38: MST_OPE_TBL | O38: VALUES( | P38: =$G38&" , "&"'"&$H38&"'"&" , "&"'"&$I38&"'"&" , "&$J38 -> 36 , '操作ログ照会' , 'メニュー画面' , 2 | Q38: ); | S38: =IF(G38="","",EXACT(G38,X38)) -> FALSE | T38: =IF(H38="","",EXACT(H38,Y38)) -> FALSE | U38: =IF(I38="","",EXACT(I38,Z38)) -> FALSE | V38: =IF(J38="","",EXACT(J38,AA38)) -> FALSE
A39: 37 | B39: 未判定照会 | C39: メニュー画面 | D39: 2 | E39: 〇 | F39: 不可 | G39: 37 | H39: 未判定照会 | I39: メニュー画面 | J39: 2 | K39: =VLOOKUP(D39,'8_取引マスタ'!$A$3:$G$91,2,FALSE) -> メニュー | M39: INSERT INTO | N39: MST_OPE_TBL | O39: VALUES( | P39: =$G39&" , "&"'"&$H39&"'"&" , "&"'"&$I39&"'"&" , "&$J39 -> 37 , '未判定照会' , 'メニュー画面' , 2 | Q39: ); | S39: =IF(G39="","",EXACT(G39,X39)) -> FALSE | T39: =IF(H39="","",EXACT(H39,Y39)) -> FALSE | U39: =IF(I39="","",EXACT(I39,Z39)) -> FALSE | V39: =IF(J39="","",EXACT(J39,AA39)) -> FALSE
A40: 38 | B40: 判定済照会 | C40: メニュー画面 | D40: 2 | E40: 〇 | F40: 不可 | G40: 38 | H40: 判定済照会 | I40: メニュー画面 | J40: 2 | K40: =VLOOKUP(D40,'8_取引マスタ'!$A$3:$G$91,2,FALSE) -> メニュー | M40: INSERT INTO | N40: MST_OPE_TBL | O40: VALUES( | P40: =$G40&" , "&"'"&$H40&"'"&" , "&"'"&$I40&"'"&" , "&$J40 -> 38 , '判定済照会' , 'メニュー画面' , 2 | Q40: ); | S40: =IF(G40="","",EXACT(G40,X40)) -> FALSE | T40: =IF(H40="","",EXACT(H40,Y40)) -> FALSE | U40: =IF(I40="","",EXACT(I40,Z40)) -> FALSE | V40: =IF(J40="","",EXACT(J40,AA40)) -> FALSE
A41: 39 | B41: ファイル処理状況照会 | C41: メニュー画面 | D41: 2 | E41: 〇 | F41: 不可 | G41: 39 | H41: ファイル処理状況照会 | I41: メニュー画面 | J41: 2 | K41: =VLOOKUP(D41,'8_取引マスタ'!$A$3:$G$91,2,FALSE) -> メニュー | M41: INSERT INTO | N41: MST_OPE_TBL | O41: VALUES( | P41: =$G41&" , "&"'"&$H41&"'"&" , "&"'"&$I41&"'"&" , "&$J41 -> 39 , 'ファイル処理状況照会' , 'メニュー画面' , 2 | Q41: ); | S41: =IF(G41="","",EXACT(G41,X41)) -> FALSE | T41: =IF(H41="","",EXACT(H41,Y41)) -> FALSE | U41: =IF(I41="","",EXACT(I41,Z41)) -> FALSE | V41: =IF(J41="","",EXACT(J41,AA41)) -> FALSE
A42: 40 | B42: 検索 | C42: 操作ログ一覧画面 | D42: 9 | E42: 〇 | F42: 不可 | G42: 40 | H42: 検索 | I42: 操作ログ一覧画面 | J42: 9 | K42: =VLOOKUP(D42,'8_取引マスタ'!$A$3:$G$91,2,FALSE) -> 操作ログ照会 | M42: INSERT INTO | N42: MST_OPE_TBL | O42: VALUES( | P42: =$G42&" , "&"'"&$H42&"'"&" , "&"'"&$I42&"'"&" , "&$J42 -> 40 , '検索' , '操作ログ一覧画面' , 9 | Q42: ); | S42: =IF(G42="","",EXACT(G42,X42)) -> FALSE | T42: =IF(H42="","",EXACT(H42,Y42)) -> FALSE | U42: =IF(I42="","",EXACT(I42,Z42)) -> FALSE | V42: =IF(J42="","",EXACT(J42,AA42)) -> FALSE
A43: 41 | B43: 詳細 | C43: 操作ログ一覧画面 | D43: 9 | E43: 〇 | F43: 不可 | G43: 41 | H43: 詳細 | I43: 操作ログ一覧画面 | J43: 9 | K43: =VLOOKUP(D43,'8_取引マスタ'!$A$3:$G$91,2,FALSE) -> 操作ログ照会 | M43: INSERT INTO | N43: MST_OPE_TBL | O43: VALUES( | P43: =$G43&" , "&"'"&$H43&"'"&" , "&"'"&$I43&"'"&" , "&$J43 -> 41 , '詳細' , '操作ログ一覧画面' , 9 | Q43: ); | S43: =IF(G43="","",EXACT(G43,X43)) -> FALSE | T43: =IF(H43="","",EXACT(H43,Y43)) -> FALSE | U43: =IF(I43="","",EXACT(I43,Z43)) -> FALSE | V43: =IF(J43="","",EXACT(J43,AA43)) -> FALSE
A44: 42 | B44: 一覧画面へ | C44: 操作ログ詳細画面 | D44: 9 | E44: 〇 | F44: 不可 | G44: 42 | H44: 一覧画面へ | I44: 操作ログ詳細画面 | J44: 9 | K44: =VLOOKUP(D44,'8_取引マスタ'!$A$3:$G$91,2,FALSE) -> 操作ログ照会 | M44: INSERT INTO | N44: MST_OPE_TBL | O44: VALUES( | P44: =$G44&" , "&"'"&$H44&"'"&" , "&"'"&$I44&"'"&" , "&$J44 -> 42 , '一覧画面へ' , '操作ログ詳細画面' , 9 | Q44: ); | S44: =IF(G44="","",EXACT(G44,X44)) -> FALSE | T44: =IF(H44="","",EXACT(H44,Y44)) -> FALSE | U44: =IF(I44="","",EXACT(I44,Z44)) -> FALSE | V44: =IF(J44="","",EXACT(J44,AA44)) -> FALSE
A45: 43 | B45: 検索 | C45: 未判定一覧画面 | D45: 10 | E45: 〇 | F45: 不可 | G45: 43 | H45: 検索 | I45: 未判定一覧画面 | J45: 10 | K45: =VLOOKUP(D45,'8_取引マスタ'!$A$3:$G$91,2,FALSE) -> 未判定照会 | M45: INSERT INTO | N45: MST_OPE_TBL | O45: VALUES( | P45: =$G45&" , "&"'"&$H45&"'"&" , "&"'"&$I45&"'"&" , "&$J45 -> 43 , '検索' , '未判定一覧画面' , 10 | Q45: ); | S45: =IF(G45="","",EXACT(G45,X45)) -> FALSE | T45: =IF(H45="","",EXACT(H45,Y45)) -> FALSE | U45: =IF(I45="","",EXACT(I45,Z45)) -> FALSE | V45: =IF(J45="","",EXACT(J45,AA45)) -> FALSE
A46: 44 | B46: 判定 | C46: 未判定一覧画面 | D46: 10 | E46: 〇 | F46: 不可 | G46: 44 | H46: 判定 | I46: 未判定一覧画面 | J46: 10 | K46: =VLOOKUP(D46,'8_取引マスタ'!$A$3:$G$91,2,FALSE) -> 未判定照会 | M46: INSERT INTO | N46: MST_OPE_TBL | O46: VALUES( | P46: =$G46&" , "&"'"&$H46&"'"&" , "&"'"&$I46&"'"&" , "&$J46 -> 44 , '判定' , '未判定一覧画面' , 10 | Q46: ); | S46: =IF(G46="","",EXACT(G46,X46)) -> FALSE | T46: =IF(H46="","",EXACT(H46,Y46)) -> FALSE | U46: =IF(I46="","",EXACT(I46,Z46)) -> FALSE | V46: =IF(J46="","",EXACT(J46,AA46)) -> FALSE
A47: 45 | B47: 判定 | C47: バッチ判定画面 | D47: 10 | E47: 〇 | F47: 不可 | G47: 45 | H47: 判定 | I47: バッチ判定画面 | J47: 10 | K47: =VLOOKUP(D47,'8_取引マスタ'!$A$3:$G$91,2,FALSE) -> 未判定照会 | M47: INSERT INTO | N47: MST_OPE_TBL | O47: VALUES( | P47: =$G47&" , "&"'"&$H47&"'"&" , "&"'"&$I47&"'"&" , "&$J47 -> 45 , '判定' , 'バッチ判定画面' , 10 | Q47: ); | S47: =IF(G47="","",EXACT(G47,X47)) -> FALSE | T47: =IF(H47="","",EXACT(H47,Y47)) -> FALSE | U47: =IF(I47="","",EXACT(I47,Z47)) -> FALSE | V47: =IF(J47="","",EXACT(J47,AA47)) -> FALSE
A48: 46 | B48: キャンセル | C48: バッチ判定画面 | D48: 10 | E48: 〇 | F48: 不可 | G48: 46 | H48: キャンセル | I48: バッチ判定画面 | J48: 10 | K48: =VLOOKUP(D48,'8_取引マスタ'!$A$3:$G$91,2,FALSE) -> 未判定照会 | M48: INSERT INTO | N48: MST_OPE_TBL | O48: VALUES( | P48: =$G48&" , "&"'"&$H48&"'"&" , "&"'"&$I48&"'"&" , "&$J48 -> 46 , 'キャンセル' , 'バッチ判定画面' , 10 | Q48: ); | S48: =IF(G48="","",EXACT(G48,X48)) -> FALSE | T48: =IF(H48="","",EXACT(H48,Y48)) -> FALSE | U48: =IF(I48="","",EXACT(I48,Z48)) -> FALSE | V48: =IF(J48="","",EXACT(J48,AA48)) -> FALSE
... A50: 48 | B50: キャンセル | C50: バッチ確認画面 | D50: 10 | E50: 〇 | F50: 不可 | G50: 48 | H50: キャンセル | I50: バッチ確認画面 | J50: 10 | K50: =VLOOKUP(D50,'8_取引マスタ'!$A$3:$G$91,2,FALSE) -> 未判定照会 | M50: INSERT INTO | N50: MST_OPE_TBL | O50: VALUES( | P50: =$G50&" , "&"'"&$H50&"'"&" , "&"'"&$I50&"'"&" , "&$J50 -> 48 , 'キャンセル' , 'バッチ確認画面' , 10 | Q50: ); | S50: =IF(G50="","",EXACT(G50,X50)) -> FALSE | T50: =IF(H50="","",EXACT(H50,Y50)) -> FALSE | U50: =IF(I50="","",EXACT(I50,Z50)) -> FALSE | V50: =IF(J50="","",EXACT(J50,AA50)) -> FALSE
A51: 49 | B51: 報告準備 | C51: バッチ確認画面 | D51: 10 | E51: × | F51: 不可 | K51: =VLOOKUP(D51,'8_取引マスタ'!$A$3:$G$91,2,FALSE) -> 未判定照会 | L51: PKGでは廃止したボタン | M51: INSERT INTO | N51: MST_OPE_TBL | O51: VALUES( | P51: =$G51&" , "&"'"&$H51&"'"&" , "&"'"&$I51&"'"&" , "&$J51 -> , '' , '' , | Q51: ); | S51: =IF(G51="","",EXACT(G51,X51)) | T51: =IF(H51="","",EXACT(H51,Y51)) | U51: =IF(I51="","",EXACT(I51,Z51)) | V51: =IF(J51="","",EXACT(J51,AA51))
A52: 50 | B52: 検索 | C52: 判定済一覧画面 | D52: 11 | E52: 〇 | F52: 不可 | G52: 50 | H52: 検索 | I52: 判定済一覧画面 | J52: 11 | K52: =VLOOKUP(D52,'8_取引マスタ'!$A$3:$G$91,2,FALSE) -> 判定済照会 | M52: INSERT INTO | N52: MST_OPE_TBL | O52: VALUES( | P52: =$G52&" , "&"'"&$H52&"'"&" , "&"'"&$I52&"'"&" , "&$J52 -> 50 , '検索' , '判定済一覧画面' , 11 | Q52: ); | S52: =IF(G52="","",EXACT(G52,X52)) -> FALSE | T52: =IF(H52="","",EXACT(H52,Y52)) -> FALSE | U52: =IF(I52="","",EXACT(I52,Z52)) -> FALSE | V52: =IF(J52="","",EXACT(J52,AA52)) -> FALSE
A53: 51 | B53: 表示 | C53: 判定済一覧画面 | D53: 11 | E53: 〇 | F53: 不可 | G53: 51 | H53: 表示 | I53: 判定済一覧画面 | J53: 11 | K53: =VLOOKUP(D53,'8_取引マスタ'!$A$3:$G$91,2,FALSE) -> 判定済照会 | M53: INSERT INTO | N53: MST_OPE_TBL | O53: VALUES( | P53: =$G53&" , "&"'"&$H53&"'"&" , "&"'"&$I53&"'"&" , "&$J53 -> 51 , '表示' , '判定済一覧画面' , 11 | Q53: ); | S53: =IF(G53="","",EXACT(G53,X53)) -> FALSE | T53: =IF(H53="","",EXACT(H53,Y53)) -> FALSE | U53: =IF(I53="","",EXACT(I53,Z53)) -> FALSE | V53: =IF(J53="","",EXACT(J53,AA53)) -> FALSE
A54: 52 | B54: 再判定 | C54: 判定済一覧画面 | D54: 11 | E54: 〇 | F54: 不可 | G54: 52 | H54: 再判定 | I54: 判定済一覧画面 | J54: 11 | K54: =VLOOKUP(D54,'8_取引マスタ'!$A$3:$G$91,2,FALSE) -> 判定済照会 | M54: INSERT INTO | N54: MST_OPE_TBL | O54: VALUES( | P54: =$G54&" , "&"'"&$H54&"'"&" , "&"'"&$I54&"'"&" , "&$J54 -> 52 , '再判定' , '判定済一覧画面' , 11 | Q54: ); | S54: =IF(G54="","",EXACT(G54,X54)) -> FALSE | T54: =IF(H54="","",EXACT(H54,Y54)) -> FALSE | U54: =IF(I54="","",EXACT(I54,Z54)) -> FALSE | V54: =IF(J54="","",EXACT(J54,AA54)) -> FALSE
A55: 53 | B55: キャンセル | C55: バッチ確認画面 | D55: 11 | E55: 〇 | F55: 不可 | G55: 53 | H55: キャンセル | I55: バッチ確認画面 | J55: 11 | K55: =VLOOKUP(D55,'8_取引マスタ'!$A$3:$G$91,2,FALSE) -> 判定済照会 | M55: INSERT INTO | N55: MST_OPE_TBL | O55: VALUES( | P55: =$G55&" , "&"'"&$H55&"'"&" , "&"'"&$I55&"'"&" , "&$J55 -> 53 , 'キャンセル' , 'バッチ確認画面' , 11 | Q55: ); | S55: =IF(G55="","",EXACT(G55,X55)) -> FALSE | T55: =IF(H55="","",EXACT(H55,Y55)) -> FALSE | U55: =IF(I55="","",EXACT(I55,Z55)) -> FALSE | V55: =IF(J55="","",EXACT(J55,AA55)) -> FALSE
A56: 54 | B56: 報告準備 | C56: バッチ確認画面 | D56: 11 | E56: × | F56: 不可 | K56: =VLOOKUP(D56,'8_取引マスタ'!$A$3:$G$91,2,FALSE) -> 判定済照会 | L56: PKGでは廃止したボタン | M56: INSERT INTO | N56: MST_OPE_TBL | O56: VALUES( | P56: =$G56&" , "&"'"&$H56&"'"&" , "&"'"&$I56&"'"&" , "&$J56 -> , '' , '' , | Q56: ); | S56: =IF(G56="","",EXACT(G56,X56)) | T56: =IF(H56="","",EXACT(H56,Y56)) | U56: =IF(I56="","",EXACT(I56,Z56)) | V56: =IF(J56="","",EXACT(J56,AA56))
A57: 55 | B57: 検索 | C57: ファイル処理状況一覧画面 | D57: 12 | E57: 〇 | F57: 不可 | G57: 55 | H57: 検索 | I57: ファイル処理状況一覧画面 | J57: 12 | K57: =VLOOKUP(D57,'8_取引マスタ'!$A$3:$G$91,2,FALSE) -> ファイル処理状況照会 | M57: INSERT INTO | N57: MST_OPE_TBL | O57: VALUES( | P57: =$G57&" , "&"'"&$H57&"'"&" , "&"'"&$I57&"'"&" , "&$J57 -> 55 , '検索' , 'ファイル処理状況一覧画面' , 12 | Q57: ); | S57: =IF(G57="","",EXACT(G57,X57)) -> FALSE | T57: =IF(H57="","",EXACT(H57,Y57)) -> FALSE | U57: =IF(I57="","",EXACT(I57,Z57)) -> FALSE | V57: =IF(J57="","",EXACT(J57,AA57)) -> FALSE
A58: 56 | B58: 削除 | C58: ファイル処理状況一覧画面 | D58: 12 | E58: × | F58: 不可 | K58: =VLOOKUP(D58,'8_取引マスタ'!$A$3:$G$91,2,FALSE) -> ファイル処理状況照会 | L58: PKGでは廃止したボタン | M58: INSERT INTO | N58: MST_OPE_TBL | O58: VALUES( | P58: =$G58&" , "&"'"&$H58&"'"&" , "&"'"&$I58&"'"&" , "&$J58 -> , '' , '' , | Q58: ); | S58: =IF(G58="","",EXACT(G58,X58)) | T58: =IF(H58="","",EXACT(H58,Y58)) | U58: =IF(I58="","",EXACT(I58,Z58)) | V58: =IF(J58="","",EXACT(J58,AA58))
A59: 57 | B59: 開始 | C59: バッチフィルタリング | D59: 13 | E59: 〇 | F59: 不可 | G59: 57 | H59: 開始 | I59: バッチフィルタリング | J59: 13 | K59: =VLOOKUP(D59,'8_取引マスタ'!$A$3:$G$91,2,FALSE) -> バッチフィルタリング | M59: INSERT INTO | N59: MST_OPE_TBL | O59: VALUES( | P59: =$G59&" , "&"'"&$H59&"'"&" , "&"'"&$I59&"'"&" , "&$J59 -> 57 , '開始' , 'バッチフィルタリング' , 13 | Q59: ); | S59: =IF(G59="","",EXACT(G59,X59)) -> FALSE | T59: =IF(H59="","",EXACT(H59,Y59)) -> FALSE | U59: =IF(I59="","",EXACT(I59,Z59)) -> FALSE | V59: =IF(J59="","",EXACT(J59,AA59)) -> FALSE
A60: 58 | B60: 終了 | C60: バッチフィルタリング | D60: 13 | E60: 〇 | F60: 不可 | G60: 58 | H60: 終了 | I60: バッチフィルタリング | J60: 13 | K60: =VLOOKUP(D60,'8_取引マスタ'!$A$3:$G$91,2,FALSE) -> バッチフィルタリング | M60: INSERT INTO | N60: MST_OPE_TBL | O60: VALUES( | P60: =$G60&" , "&"'"&$H60&"'"&" , "&"'"&$I60&"'"&" , "&$J60 -> 58 , '終了' , 'バッチフィルタリング' , 13 | Q60: ); | S60: =IF(G60="","",EXACT(G60,X60)) -> FALSE | T60: =IF(H60="","",EXACT(H60,Y60)) -> FALSE | U60: =IF(I60="","",EXACT(I60,Z60)) -> FALSE | V60: =IF(J60="","",EXACT(J60,AA60)) -> FALSE
A61: 59 | B61: ファイル出力 | C61: 判定履歴検索画面 | D61: 8 | E61: 〇 | F61: 不可 | G61: 59 | H61: ファイル出力 | I61: 判定履歴検索画面 | J61: 8 | K61: =VLOOKUP(D61,'8_取引マスタ'!$A$3:$G$91,2,FALSE) -> 判定履歴照会 | M61: INSERT INTO | N61: MST_OPE_TBL | O61: VALUES( | P61: =$G61&" , "&"'"&$H61&"'"&" , "&"'"&$I61&"'"&" , "&$J61 -> 59 , 'ファイル出力' , '判定履歴検索画面' , 8 | Q61: ); | S61: =IF(G61="","",EXACT(G61,X61)) -> FALSE | T61: =IF(H61="","",EXACT(H61,Y61)) -> FALSE | U61: =IF(I61="","",EXACT(I61,Z61)) -> FALSE | V61: =IF(J61="","",EXACT(J61,AA61)) -> FALSE
A62: 60 | B62: ファイル出力 | C62: 判定済一覧画面 | D62: 11 | E62: 〇 | F62: 不可 | G62: 60 | H62: ファイル出力 | I62: 判定済一覧画面 | J62: 11 | K62: =VLOOKUP(D62,'8_取引マスタ'!$A$3:$G$91,2,FALSE) -> 判定済照会 | M62: INSERT INTO | N62: MST_OPE_TBL | O62: VALUES( | P62: =$G62&" , "&"'"&$H62&"'"&" , "&"'"&$I62&"'"&" , "&$J62 -> 60 , 'ファイル出力' , '判定済一覧画面' , 11 | Q62: ); | S62: =IF(G62="","",EXACT(G62,X62)) -> FALSE | T62: =IF(H62="","",EXACT(H62,Y62)) -> FALSE | U62: =IF(I62="","",EXACT(I62,Z62)) -> FALSE | V62: =IF(J62="","",EXACT(J62,AA62)) -> FALSE
A63: 61 | B63: CSV出力 | C63: 仕掛中一覧画面 | D63: 7 | E63: 〇 | F63: 不可 | G63: 61 | H63: CSV出力 | I63: 仕掛中一覧画面 | J63: 7 | K63: =VLOOKUP(D63,'8_取引マスタ'!$A$3:$G$91,2,FALSE) -> 本人確認仕掛照会 | M63: INSERT INTO | N63: MST_OPE_TBL | O63: VALUES( | P63: =$G63&" , "&"'"&$H63&"'"&" , "&"'"&$I63&"'"&" , "&$J63 -> 61 , 'CSV出力' , '仕掛中一覧画面' , 7 | Q63: ); | S63: =IF(G63="","",EXACT(G63,X63)) -> FALSE | T63: =IF(H63="","",EXACT(H63,Y63)) -> FALSE | U63: =IF(I63="","",EXACT(I63,Z63)) -> FALSE | V63: =IF(J63="","",EXACT(J63,AA63)) -> FALSE
A64: 62 | B64: CSV出力 | C64: 判定履歴検索画面 | D64: 8 | E64: 〇 | F64: 不可 | G64: 62 | H64: CSV出力 | I64: 判定履歴検索画面 | J64: 8 | K64: =VLOOKUP(D64,'8_取引マスタ'!$A$3:$G$91,2,FALSE) -> 判定履歴照会 | M64: INSERT INTO | N64: MST_OPE_TBL | O64: VALUES( | P64: =$G64&" , "&"'"&$H64&"'"&" , "&"'"&$I64&"'"&" , "&$J64 -> 62 , 'CSV出力' , '判定履歴検索画面' , 8 | Q64: ); | S64: =IF(G64="","",EXACT(G64,X64)) -> FALSE | T64: =IF(H64="","",EXACT(H64,Y64)) -> FALSE | U64: =IF(I64="","",EXACT(I64,Z64)) -> FALSE | V64: =IF(J64="","",EXACT(J64,AA64)) -> FALSE
A65: 63 | B65: CSV出力 | C65: 未判定一覧画面 | D65: 10 | E65: 〇 | F65: 不可 | G65: 63 | H65: CSV出力 | I65: 未判定一覧画面 | J65: 10 | K65: =VLOOKUP(D65,'8_取引マスタ'!$A$3:$G$91,2,FALSE) -> 未判定照会 | M65: INSERT INTO | N65: MST_OPE_TBL | O65: VALUES( | P65: =$G65&" , "&"'"&$H65&"'"&" , "&"'"&$I65&"'"&" , "&$J65 -> 63 , 'CSV出力' , '未判定一覧画面' , 10 | Q65: ); | S65: =IF(G65="","",EXACT(G65,X65)) -> FALSE | T65: =IF(H65="","",EXACT(H65,Y65)) -> FALSE | U65: =IF(I65="","",EXACT(I65,Z65)) -> FALSE | V65: =IF(J65="","",EXACT(J65,AA65)) -> FALSE
A66: 64 | B66: CSV出力 | C66: 判定済一覧画面 | D66: 11 | E66: 〇 | F66: 不可 | G66: 64 | H66: CSV出力 | I66: 判定済一覧画面 | J66: 11 | K66: =VLOOKUP(D66,'8_取引マスタ'!$A$3:$G$91,2,FALSE) -> 判定済照会 | M66: INSERT INTO | N66: MST_OPE_TBL | O66: VALUES( | P66: =$G66&" , "&"'"&$H66&"'"&" , "&"'"&$I66&"'"&" , "&$J66 -> 64 , 'CSV出力' , '判定済一覧画面' , 11 | Q66: ); | S66: =IF(G66="","",EXACT(G66,X66)) -> FALSE | T66: =IF(H66="","",EXACT(H66,Y66)) -> FALSE | U66: =IF(I66="","",EXACT(I66,Z66)) -> FALSE | V66: =IF(J66="","",EXACT(J66,AA66)) -> FALSE
A67: 65 | B67: 検索 | C67: 仕掛中一覧画面 | D67: 7 | E67: 〇 | F67: 不可 | G67: 65 | H67: 検索 | I67: 仕掛中一覧画面 | J67: 7 | K67: =VLOOKUP(D67,'8_取引マスタ'!$A$3:$G$91,2,FALSE) -> 本人確認仕掛照会 | M67: INSERT INTO | N67: MST_OPE_TBL | O67: VALUES( | P67: =$G67&" , "&"'"&$H67&"'"&" , "&"'"&$I67&"'"&" , "&$J67 -> 65 , '検索' , '仕掛中一覧画面' , 7 | Q67: ); | S67: =IF(G67="","",EXACT(G67,X67)) -> FALSE | T67: =IF(H67="","",EXACT(H67,Y67)) -> FALSE | U67: =IF(I67="","",EXACT(I67,Z67)) -> FALSE | V67: =IF(J67="","",EXACT(J67,AA67)) -> FALSE
A68: 66 | B68: 検索 | C68: 未判定一覧(連動)画面 | D68: 14 | E68: 〇 | F68: 不可 | G68: 66 | H68: 検索 | I68: 未判定一覧(連動)画面 | J68: 14 | K68: =VLOOKUP(D68,'8_取引マスタ'!$A$3:$G$91,2,FALSE) -> 未判定照会（連動） | M68: INSERT INTO | N68: MST_OPE_TBL | O68: VALUES( | P68: =$G68&" , "&"'"&$H68&"'"&" , "&"'"&$I68&"'"&" , "&$J68 -> 66 , '検索' , '未判定一覧(連動)画面' , 14 | Q68: ); | S68: =IF(G68="","",EXACT(G68,X68)) -> FALSE | T68: =IF(H68="","",EXACT(H68,Y68)) -> FALSE | U68: =IF(I68="","",EXACT(I68,Z68)) -> FALSE | V68: =IF(J68="","",EXACT(J68,AA68)) -> FALSE
A69: 67 | B69: 判定 | C69: 未判定一覧(連動)画面 | D69: 14 | E69: 〇 | F69: 不可 | G69: 67 | H69: 判定 | I69: 未判定一覧(連動)画面 | J69: 14 | K69: =VLOOKUP(D69,'8_取引マスタ'!$A$3:$G$91,2,FALSE) -> 未判定照会（連動） | M69: INSERT INTO | N69: MST_OPE_TBL | O69: VALUES( | P69: =$G69&" , "&"'"&$H69&"'"&" , "&"'"&$I69&"'"&" , "&$J69 -> 67 , '判定' , '未判定一覧(連動)画面' , 14 | Q69: ); | S69: =IF(G69="","",EXACT(G69,X69)) -> FALSE | T69: =IF(H69="","",EXACT(H69,Y69)) -> FALSE | U69: =IF(I69="","",EXACT(I69,Z69)) -> FALSE | V69: =IF(J69="","",EXACT(J69,AA69)) -> FALSE
A70: 68 | B70: CSV出力 | C70: 未判定一覧(連動)画面 | D70: 14 | E70: 〇 | F70: 不可 | G70: 68 | H70: CSV出力 | I70: 未判定一覧(連動)画面 | J70: 14 | K70: =VLOOKUP(D70,'8_取引マスタ'!$A$3:$G$91,2,FALSE) -> 未判定照会（連動） | M70: INSERT INTO | N70: MST_OPE_TBL | O70: VALUES( | P70: =$G70&" , "&"'"&$H70&"'"&" , "&"'"&$I70&"'"&" , "&$J70 -> 68 , 'CSV出力' , '未判定一覧(連動)画面' , 14 | Q70: ); | S70: =IF(G70="","",EXACT(G70,X70)) -> FALSE | T70: =IF(H70="","",EXACT(H70,Y70)) -> FALSE | U70: =IF(I70="","",EXACT(I70,Z70)) -> FALSE | V70: =IF(J70="","",EXACT(J70,AA70)) -> FALSE
... A74: 72 | B74: キャンセル | C74: リアルタイム確認画面 | D74: 14 | E74: 〇 | F74: 不可 | G74: 72 | H74: キャンセル | I74: リアルタイム確認画面 | J74: 14 | K74: =VLOOKUP(D74,'8_取引マスタ'!$A$3:$G$91,2,FALSE) -> 未判定照会（連動） | M74: INSERT INTO | N74: MST_OPE_TBL | O74: VALUES( | P74: =$G74&" , "&"'"&$H74&"'"&" , "&"'"&$I74&"'"&" , "&$J74 -> 72 , 'キャンセル' , 'リアルタイム確認画面' , 14 | Q74: ); | S74: =IF(G74="","",EXACT(G74,X74)) -> FALSE | T74: =IF(H74="","",EXACT(H74,Y74)) -> FALSE | U74: =IF(I74="","",EXACT(I74,Z74)) -> FALSE | V74: =IF(J74="","",EXACT(J74,AA74)) -> FALSE
A75: 73 | B75: 報告準備 | C75: リアルタイム確認画面 | D75: 14 | E75: × | F75: 不可 | K75: =VLOOKUP(D75,'8_取引マスタ'!$A$3:$G$91,2,FALSE) -> 未判定照会（連動） | L75: PKGでは廃止したボタン | M75: INSERT INTO | N75: MST_OPE_TBL | O75: VALUES( | P75: =$G75&" , "&"'"&$H75&"'"&" , "&"'"&$I75&"'"&" , "&$J75 -> , '' , '' , | Q75: ); | S75: =IF(G75="","",EXACT(G75,X75)) | T75: =IF(H75="","",EXACT(H75,Y75)) | U75: =IF(I75="","",EXACT(I75,Z75)) | V75: =IF(J75="","",EXACT(J75,AA75))
A76: 74 | B76: 検索 | C76: 判定済一覧(連動)画面 | D76: 15 | E76: 〇 | F76: 不可 | G76: 74 | H76: 検索 | I76: 判定済一覧(連動)画面 | J76: 15 | K76: =VLOOKUP(D76,'8_取引マスタ'!$A$3:$G$91,2,FALSE) -> 判定済照会（連動） | M76: INSERT INTO | N76: MST_OPE_TBL | O76: VALUES( | P76: =$G76&" , "&"'"&$H76&"'"&" , "&"'"&$I76&"'"&" , "&$J76 -> 74 , '検索' , '判定済一覧(連動)画面' , 15 | Q76: ); | S76: =IF(G76="","",EXACT(G76,X76)) -> FALSE | T76: =IF(H76="","",EXACT(H76,Y76)) -> FALSE | U76: =IF(I76="","",EXACT(I76,Z76)) -> FALSE | V76: =IF(J76="","",EXACT(J76,AA76)) -> FALSE
A77: 75 | B77: 表示 | C77: 判定済一覧(連動)画面 | D77: 15 | E77: 〇 | F77: 不可 | G77: 75 | H77: 表示 | I77: 判定済一覧(連動)画面 | J77: 15 | K77: =VLOOKUP(D77,'8_取引マスタ'!$A$3:$G$91,2,FALSE) -> 判定済照会（連動） | M77: INSERT INTO | N77: MST_OPE_TBL | O77: VALUES( | P77: =$G77&" , "&"'"&$H77&"'"&" , "&"'"&$I77&"'"&" , "&$J77 -> 75 , '表示' , '判定済一覧(連動)画面' , 15 | Q77: ); | S77: =IF(G77="","",EXACT(G77,X77)) -> FALSE | T77: =IF(H77="","",EXACT(H77,Y77)) -> FALSE | U77: =IF(I77="","",EXACT(I77,Z77)) -> FALSE | V77: =IF(J77="","",EXACT(J77,AA77)) -> FALSE
A78: 76 | B78: ファイル出力 | C78: 判定済一覧(連動)画面 | D78: 15 | E78: 〇 | F78: 不可 | G78: 76 | H78: ファイル出力 | I78: 判定済一覧(連動)画面 | J78: 15 | K78: =VLOOKUP(D78,'8_取引マスタ'!$A$3:$G$91,2,FALSE) -> 判定済照会（連動） | M78: INSERT INTO | N78: MST_OPE_TBL | O78: VALUES( | P78: =$G78&" , "&"'"&$H78&"'"&" , "&"'"&$I78&"'"&" , "&$J78 -> 76 , 'ファイル出力' , '判定済一覧(連動)画面' , 15 | Q78: ); | S78: =IF(G78="","",EXACT(G78,X78)) -> FALSE | T78: =IF(H78="","",EXACT(H78,Y78)) -> FALSE | U78: =IF(I78="","",EXACT(I78,Z78)) -> FALSE | V78: =IF(J78="","",EXACT(J78,AA78)) -> FALSE
A79: 77 | B79: CSV出力 | C79: 判定済一覧(連動)画面 | D79: 15 | E79: 〇 | F79: 不可 | G79: 77 | H79: CSV出力 | I79: 判定済一覧(連動)画面 | J79: 15 | K79: =VLOOKUP(D79,'8_取引マスタ'!$A$3:$G$91,2,FALSE) -> 判定済照会（連動） | M79: INSERT INTO | N79: MST_OPE_TBL | O79: VALUES( | P79: =$G79&" , "&"'"&$H79&"'"&" , "&"'"&$I79&"'"&" , "&$J79 -> 77 , 'CSV出力' , '判定済一覧(連動)画面' , 15 | Q79: ); | S79: =IF(G79="","",EXACT(G79,X79)) -> FALSE | T79: =IF(H79="","",EXACT(H79,Y79)) -> FALSE | U79: =IF(I79="","",EXACT(I79,Z79)) -> FALSE | V79: =IF(J79="","",EXACT(J79,AA79)) -> FALSE
A80: 78 | B80: 再判定 | C80: 判定済一覧(連動)画面 | D80: 15 | E80: 〇 | F80: 不可 | G80: 78 | H80: 再判定 | I80: 判定済一覧(連動)画面 | J80: 15 | K80: =VLOOKUP(D80,'8_取引マスタ'!$A$3:$G$91,2,FALSE) -> 判定済照会（連動） | M80: INSERT INTO | N80: MST_OPE_TBL | O80: VALUES( | P80: =$G80&" , "&"'"&$H80&"'"&" , "&"'"&$I80&"'"&" , "&$J80 -> 78 , '再判定' , '判定済一覧(連動)画面' , 15 | Q80: ); | S80: =IF(G80="","",EXACT(G80,X80)) -> FALSE | T80: =IF(H80="","",EXACT(H80,Y80)) -> FALSE | U80: =IF(I80="","",EXACT(I80,Z80)) -> FALSE | V80: =IF(J80="","",EXACT(J80,AA80)) -> FALSE
A81: 79 | B81: キャンセル | C81: リアルタイム確認画面 | D81: 15 | E81: 〇 | F81: 不可 | G81: 79 | H81: キャンセル | I81: リアルタイム確認画面 | J81: 15 | K81: =VLOOKUP(D81,'8_取引マスタ'!$A$3:$G$91,2,FALSE) -> 判定済照会（連動） | M81: INSERT INTO | N81: MST_OPE_TBL | O81: VALUES( | P81: =$G81&" , "&"'"&$H81&"'"&" , "&"'"&$I81&"'"&" , "&$J81 -> 79 , 'キャンセル' , 'リアルタイム確認画面' , 15 | Q81: ); | S81: =IF(G81="","",EXACT(G81,X81)) -> FALSE | T81: =IF(H81="","",EXACT(H81,Y81)) -> FALSE | U81: =IF(I81="","",EXACT(I81,Z81)) -> FALSE | V81: =IF(J81="","",EXACT(J81,AA81)) -> FALSE
A82: 80 | B82: 報告準備 | C82: リアルタイム確認画面 | D82: 15 | E82: × | F82: 不可 | K82: =VLOOKUP(D82,'8_取引マスタ'!$A$3:$G$91,2,FALSE) -> 判定済照会（連動） | L82: PKGでは廃止したボタン | M82: INSERT INTO | N82: MST_OPE_TBL | O82: VALUES( | P82: =$G82&" , "&"'"&$H82&"'"&" , "&"'"&$I82&"'"&" , "&$J82 -> , '' , '' , | Q82: ); | S82: =IF(G82="","",EXACT(G82,X82)) | T82: =IF(H82="","",EXACT(H82,Y82)) | U82: =IF(I82="","",EXACT(I82,Z82)) | V82: =IF(J82="","",EXACT(J82,AA82))
A83: 81 | B83: 未判定照会（連動） | C83: メニュー画面 | D83: 2 | E83: 〇 | F83: 不可 | G83: 81 | H83: 未判定照会（連動） | I83: メニュー画面 | J83: 2 | K83: =VLOOKUP(D83,'8_取引マスタ'!$A$3:$G$91,2,FALSE) -> メニュー | M83: INSERT INTO | N83: MST_OPE_TBL | O83: VALUES( | P83: =$G83&" , "&"'"&$H83&"'"&" , "&"'"&$I83&"'"&" , "&$J83 -> 81 , '未判定照会（連動）' , 'メニュー画面' , 2 | Q83: ); | S83: =IF(G83="","",EXACT(G83,X83)) -> FALSE | T83: =IF(H83="","",EXACT(H83,Y83)) -> FALSE | U83: =IF(I83="","",EXACT(I83,Z83)) -> FALSE | V83: =IF(J83="","",EXACT(J83,AA83)) -> FALSE
A84: 82 | B84: 判定済照会（連動） | C84: メニュー画面 | D84: 2 | E84: 〇 | F84: 不可 | G84: 82 | H84: 判定済照会（連動） | I84: メニュー画面 | J84: 2 | K84: =VLOOKUP(D84,'8_取引マスタ'!$A$3:$G$91,2,FALSE) -> メニュー | M84: INSERT INTO | N84: MST_OPE_TBL | O84: VALUES( | P84: =$G84&" , "&"'"&$H84&"'"&" , "&"'"&$I84&"'"&" , "&$J84 -> 82 , '判定済照会（連動）' , 'メニュー画面' , 2 | Q84: ); | S84: =IF(G84="","",EXACT(G84,X84)) -> FALSE | T84: =IF(H84="","",EXACT(H84,Y84)) -> FALSE | U84: =IF(I84="","",EXACT(I84,Z84)) -> FALSE | V84: =IF(J84="","",EXACT(J84,AA84)) -> FALSE
A85: 83 | B85: 共通リスト登録日照会 | C85: メニュー画面 | D85: 2 | E85: × | F85: 不可 | K85: =VLOOKUP(D85,'8_取引マスタ'!$A$3:$G$91,2,FALSE) -> メニュー | L85: PKGでは廃止したメニュー | M85: INSERT INTO | N85: MST_OPE_TBL | O85: VALUES( | P85: =$G85&" , "&"'"&$H85&"'"&" , "&"'"&$I85&"'"&" , "&$J85 -> , '' , '' , | Q85: ); | S85: =IF(G85="","",EXACT(G85,X85)) | T85: =IF(H85="","",EXACT(H85,Y85)) | U85: =IF(I85="","",EXACT(I85,Z85)) | V85: =IF(J85="","",EXACT(J85,AA85))
A86: 84 | B86: URL連携フィルタリング | C86: フィルタリング結果表示画面 | D86: 17 | E86: 〇 | F86: 不可 | G86: 84 | H86: URL連携フィルタリング | I86: フィルタリング結果表示画面 | J86: 17 | K86: =VLOOKUP(D86,'8_取引マスタ'!$A$3:$G$91,2,FALSE) -> URL連携フィルタリング | M86: INSERT INTO | N86: MST_OPE_TBL | O86: VALUES( | P86: =$G86&" , "&"'"&$H86&"'"&" , "&"'"&$I86&"'"&" , "&$J86 -> 84 , 'URL連携フィルタリング' , 'フィルタリング結果表示画面' , 17 | Q86: ); | S86: =IF(G86="","",EXACT(G86,X86)) -> FALSE | T86: =IF(H86="","",EXACT(H86,Y86)) -> FALSE | U86: =IF(I86="","",EXACT(I86,Z86)) -> FALSE | V86: =IF(J86="","",EXACT(J86,AA86)) -> FALSE
A87: 85 | B87: CRM連携フィルタリング | C87: フィルタリング結果表示画面 | D87: 18 | E87: × | F87: 不可 | K87: =VLOOKUP(D87,'8_取引マスタ'!$A$3:$G$91,2,FALSE) -> CRM連携フィルタリング | L87: カスタマイズ画面 | M87: INSERT INTO | N87: MST_OPE_TBL | O87: VALUES( | P87: =$G87&" , "&"'"&$H87&"'"&" , "&"'"&$I87&"'"&" , "&$J87 -> , '' , '' , | Q87: ); | S87: =IF(G87="","",EXACT(G87,X87)) | T87: =IF(H87="","",EXACT(H87,Y87)) | U87: =IF(I87="","",EXACT(I87,Z87)) | V87: =IF(J87="","",EXACT(J87,AA87))
A88: 86 | B88: CRM連携フィルタリング帳票出力 | C88: フィルタリング結果表示画面 | D88: 18 | E88: × | F88: 不可 | K88: =VLOOKUP(D88,'8_取引マスタ'!$A$3:$G$91,2,FALSE) -> CRM連携フィルタリング | L88: カスタマイズ画面 | M88: INSERT INTO | N88: MST_OPE_TBL | O88: VALUES( | P88: =$G88&" , "&"'"&$H88&"'"&" , "&"'"&$I88&"'"&" , "&$J88 -> , '' , '' , | Q88: ); | S88: =IF(G88="","",EXACT(G88,X88)) | T88: =IF(H88="","",EXACT(H88,Y88)) | U88: =IF(I88="","",EXACT(I88,Z88)) | V88: =IF(J88="","",EXACT(J88,AA88))
A89: 87 | B89: 帳票出力 | C89: 判定履歴確認画面 | D89: 19 | E89: × | F89: 不可 | K89: =VLOOKUP(D89,'8_取引マスタ'!$A$3:$G$91,2,FALSE) -> CRM連携帳票出力 | L89: カスタマイズ画面 | M89: INSERT INTO | N89: MST_OPE_TBL | O89: VALUES( | P89: =$G89&" , "&"'"&$H89&"'"&" , "&"'"&$I89&"'"&" , "&$J89 -> , '' , '' , | Q89: ); | S89: =IF(G89="","",EXACT(G89,X89)) | T89: =IF(H89="","",EXACT(H89,Y89)) | U89: =IF(I89="","",EXACT(I89,Z89)) | V89: =IF(J89="","",EXACT(J89,AA89))
A90: 88 | B90: フィルタリング実行 | C90: SOAPフィルタリング | D90: 20 | E90: 〇 | F90: 不可 | G90: 88 | H90: フィルタリング実行 | I90: SOAPフィルタリング | J90: 20 | K90: =VLOOKUP(D90,'8_取引マスタ'!$A$3:$G$91,2,FALSE) -> SOAPフィルタリング | M90: INSERT INTO | N90: MST_OPE_TBL | O90: VALUES( | P90: =$G90&" , "&"'"&$H90&"'"&" , "&"'"&$I90&"'"&" , "&$J90 -> 88 , 'フィルタリング実行' , 'SOAPフィルタリング' , 20 | Q90: ); | S90: =IF(G90="","",EXACT(G90,X90)) -> FALSE | T90: =IF(H90="","",EXACT(H90,Y90)) -> FALSE | U90: =IF(I90="","",EXACT(I90,Z90)) -> FALSE | V90: =IF(J90="","",EXACT(J90,AA90)) -> FALSE
A91: 89 | B91: 個別リストアップロード | C91: メニュー画面 | D91: 2 | E91: × | F91: 不可 | K91: =VLOOKUP(D91,'8_取引マスタ'!$A$3:$G$91,2,FALSE) -> メニュー | L91: カスタマイズメニュー | M91: INSERT INTO | N91: MST_OPE_TBL | O91: VALUES( | P91: =$G91&" , "&"'"&$H91&"'"&" , "&"'"&$I91&"'"&" , "&$J91 -> , '' , '' , | Q91: ); | S91: =IF(G91="","",EXACT(G91,X91)) | T91: =IF(H91="","",EXACT(H91,Y91)) | U91: =IF(I91="","",EXACT(I91,Z91)) | V91: =IF(J91="","",EXACT(J91,AA91))
A92: 90 | B92: 個別リストアップロード | C92: アップロード依頼画面 | D92: 21 | E92: × | F92: 不可 | K92: =VLOOKUP(D92,'8_取引マスタ'!$A$3:$G$91,2,FALSE) -> 個別リストアップロード | L92: カスタマイズ画面 | M92: INSERT INTO | N92: MST_OPE_TBL | O92: VALUES( | P92: =$G92&" , "&"'"&$H92&"'"&" , "&"'"&$I92&"'"&" , "&$J92 -> , '' , '' , | Q92: ); | S92: FALSE | T92: FALSE | U92: FALSE | V92: FALSE
A93: 91 | B93: 項目リストアップロード | C93: メニュー画面 | D93: 2 | E93: × | F93: 不可 | K93: =VLOOKUP(D93,'8_取引マスタ'!$A$3:$G$91,2,FALSE) -> メニュー | L93: カスタマイズメニュー | M93: INSERT INTO | N93: MST_OPE_TBL | O93: VALUES( | P93: =$G93&" , "&"'"&$H93&"'"&" , "&"'"&$I93&"'"&" , "&$J93 -> , '' , '' , | Q93: ); | S93: FALSE | T93: FALSE | U93: FALSE | V93: FALSE
A94: 92 | B94: 項目リストアップロード | C94: リスト選択画面 | D94: 22 | E94: × | F94: 不可 | K94: =VLOOKUP(D94,'8_取引マスタ'!$A$3:$G$91,2,FALSE) -> 項目リストアップロード | L94: カスタマイズ画面 | M94: INSERT INTO | N94: MST_OPE_TBL | O94: VALUES( | P94: =$G94&" , "&"'"&$H94&"'"&" , "&"'"&$I94&"'"&" , "&$J94 -> , '' , '' , | Q94: ); | S94: FALSE | T94: FALSE | U94: FALSE | V94: FALSE
A95: 93 | B95: 項目リストアップロード | C95: アップロード依頼画面 | D95: 22 | E95: × | F95: 不可 | K95: =VLOOKUP(D95,'8_取引マスタ'!$A$3:$G$91,2,FALSE) -> 項目リストアップロード | L95: カスタマイズ画面 | M95: INSERT INTO | N95: MST_OPE_TBL | O95: VALUES( | P95: =$G95&" , "&"'"&$H95&"'"&" , "&"'"&$I95&"'"&" , "&$J95 -> , '' , '' , | Q95: ); | S95: FALSE | T95: FALSE | U95: FALSE | V95: FALSE
A96: 94 | B96: フィルタリング実行 | C96: 項目フィルタリング | D96: 23 | E96: × | F96: 不可 | K96: =VLOOKUP(D96,'8_取引マスタ'!$A$3:$G$91,2,FALSE) -> 項目フィルタリング | L96: カスタマイズ画面 | M96: INSERT INTO | N96: MST_OPE_TBL | O96: VALUES( | P96: =$G96&" , "&"'"&$H96&"'"&" , "&"'"&$I96&"'"&" , "&$J96 -> , '' , '' , | Q96: ); | S96: FALSE | T96: FALSE | U96: FALSE | V96: FALSE
A97: 95 | B97: シミュレーション予約 | C97: メニュー画面 | D97: 2 | E97: 〇 | F97: 不可 | G97: 95 | H97: シミュレーション予約 | I97: メニュー画面 | J97: 2 | K97: =VLOOKUP(D97,'8_取引マスタ'!$A$3:$G$91,2,FALSE) -> メニュー | M97: INSERT INTO | N97: MST_OPE_TBL | O97: VALUES( | P97: =$G97&" , "&"'"&$H97&"'"&" , "&"'"&$I97&"'"&" , "&$J97 -> 95 , 'シミュレーション予約' , 'メニュー画面' , 2 | Q97: ); | S97: =IF(G97="","",EXACT(G97,X97)) -> FALSE | T97: =IF(H97="","",EXACT(H97,Y97)) -> FALSE | U97: =IF(I97="","",EXACT(I97,Z97)) -> FALSE | V97: =IF(J97="","",EXACT(J97,AA97)) -> FALSE
A98: 96 | B98: シミュレーション結果確認 | C98: メニュー画面 | D98: 2 | E98: 〇 | F98: 不可 | G98: 96 | H98: シミュレーション結果確認 | I98: メニュー画面 | J98: 2 | K98: =VLOOKUP(D98,'8_取引マスタ'!$A$3:$G$91,2,FALSE) -> メニュー | M98: INSERT INTO | N98: MST_OPE_TBL | O98: VALUES( | P98: =$G98&" , "&"'"&$H98&"'"&" , "&"'"&$I98&"'"&" , "&$J98 -> 96 , 'シミュレーション結果確認' , 'メニュー画面' , 2 | Q98: ); | S98: =IF(G98="","",EXACT(G98,X98)) -> FALSE | T98: =IF(H98="","",EXACT(H98,Y98)) -> FALSE | U98: =IF(I98="","",EXACT(I98,Z98)) -> FALSE | V98: =IF(J98="","",EXACT(J98,AA98)) -> FALSE
A99: 97 | B99: 登録 | C99: シミュレーション予約画面 | D99: 24 | E99: 〇 | F99: 不可 | G99: 97 | H99: 登録 | I99: シミュレーション予約画面 | J99: 24 | K99: =VLOOKUP(D99,'8_取引マスタ'!$A$3:$G$91,2,FALSE) -> シミュレーション予約 | M99: INSERT INTO | N99: MST_OPE_TBL | O99: VALUES( | P99: =$G99&" , "&"'"&$H99&"'"&" , "&"'"&$I99&"'"&" , "&$J99 -> 97 , '登録' , 'シミュレーション予約画面' , 24 | Q99: ); | S99: =IF(G99="","",EXACT(G99,X99)) -> FALSE | T99: =IF(H99="","",EXACT(H99,Y99)) -> FALSE | U99: =IF(I99="","",EXACT(I99,Z99)) -> FALSE | V99: =IF(J99="","",EXACT(J99,AA99)) -> FALSE
A100: 98 | B100: 解除 | C100: シミュレーション予約画面 | D100: 24 | E100: 〇 | F100: 不可 | G100: 98 | H100: 解除 | I100: シミュレーション予約画面 | J100: 24 | K100: =VLOOKUP(D100,'8_取引マスタ'!$A$3:$G$91,2,FALSE) -> シミュレーション予約 | M100: INSERT INTO | N100: MST_OPE_TBL | O100: VALUES( | P100: =$G100&" , "&"'"&$H100&"'"&" , "&"'"&$I100&"'"&" , "&$J100 -> 98 , '解除' , 'シミュレーション予約画面' , 24 | Q100: ); | S100: =IF(G100="","",EXACT(G100,X100)) -> FALSE | T100: =IF(H100="","",EXACT(H100,Y100)) -> FALSE | U100: =IF(I100="","",EXACT(I100,Z100)) -> FALSE | V100: =IF(J100="","",EXACT(J100,AA100)) -> FALSE
A101: 99 | B101: 戻る | C101: シミュレーション予約画面 | D101: 24 | E101: 〇 | F101: 不可 | G101: 99 | H101: 戻る | I101: シミュレーション予約画面 | J101: 24 | K101: =VLOOKUP(D101,'8_取引マスタ'!$A$3:$G$91,2,FALSE) -> シミュレーション予約 | M101: INSERT INTO | N101: MST_OPE_TBL | O101: VALUES( | P101: =$G101&" , "&"'"&$H101&"'"&" , "&"'"&$I101&"'"&" , "&$J101 -> 99 , '戻る' , 'シミュレーション予約画面' , 24 | Q101: ); | S101: =IF(G101="","",EXACT(G101,X101)) -> FALSE | T101: =IF(H101="","",EXACT(H101,Y101)) -> FALSE | U101: =IF(I101="","",EXACT(I101,Z101)) -> FALSE | V101: =IF(J101="","",EXACT(J101,AA101)) -> FALSE
A102: 100 | B102: CSV出力 | C102: シミュレーションフィルタリング結果確認 | D102: 25 | E102: 〇 | F102: 不可 | G102: 100 | H102: CSV出力 | I102: シミュレーションフィルタリング結果確認 | J102: 25 | K102: =VLOOKUP(D102,'8_取引マスタ'!$A$3:$G$91,2,FALSE) -> シミュレーション結果確認 | M102: INSERT INTO | N102: MST_OPE_TBL | O102: VALUES( | P102: =$G102&" , "&"'"&$H102&"'"&" , "&"'"&$I102&"'"&" , "&$J102 -> 100 , 'CSV出力' , 'シミュレーションフィルタリング結果確認' , 25 | Q102: ); | S102: =IF(G102="","",EXACT(G102,X102)) -> FALSE | T102: =IF(H102="","",EXACT(H102,Y102)) -> FALSE | U102: =IF(I102="","",EXACT(I102,Z102)) -> FALSE | V102: =IF(J102="","",EXACT(J102,AA102)) -> FALSE
A103: 101 | B103: シミュレーションフィルタリング環境設定 | C103: メニュー画面 | D103: 2 | E103: × | F103: 不可 | K103: =VLOOKUP(D103,'8_取引マスタ'!$A$3:$G$91,2,FALSE) -> メニュー | L103: PKGでは廃止したメニュー | M103: INSERT INTO | N103: MST_OPE_TBL | O103: VALUES( | P103: =$G103&" , "&"'"&$H103&"'"&" , "&"'"&$I103&"'"&" , "&$J103 -> , '' , '' , | Q103: ); | S103: =IF(G103="","",EXACT(G103,X103)) | T103: =IF(H103="","",EXACT(H103,Y103)) | U103: =IF(I103="","",EXACT(I103,Z103)) | V103: =IF(J103="","",EXACT(J103,AA103))
A104: 102 | B104: 登録 | C104: シミュレーションフィルタリング環境設定画面 | D104: 26 | E104: × | F104: 不可 | K104: =VLOOKUP(D104,'8_取引マスタ'!$A$3:$G$91,2,FALSE) -> シミュレーションフィルタリング環境設定 | L104: PKGでは廃止した画面 | M104: INSERT INTO | N104: MST_OPE_TBL | O104: VALUES( | P104: =$G104&" , "&"'"&$H104&"'"&" , "&"'"&$I104&"'"&" , "&$J104 -> , '' , '' , | Q104: ); | S104: =IF(G104="","",EXACT(G104,X104)) | T104: =IF(H104="","",EXACT(H104,Y104)) | U104: =IF(I104="","",EXACT(I104,Z104)) | V104: =IF(J104="","",EXACT(J104,AA104))
A105: 103 | B105: 登録解除 | C105: シミュレーションフィルタリング環境設定画面 | D105: 26 | E105: × | F105: 不可 | K105: =VLOOKUP(D105,'8_取引マスタ'!$A$3:$G$91,2,FALSE) -> シミュレーションフィルタリング環境設定 | L105: PKGでは廃止した画面 | M105: INSERT INTO | N105: MST_OPE_TBL | O105: VALUES( | P105: =$G105&" , "&"'"&$H105&"'"&" , "&"'"&$I105&"'"&" , "&$J105 -> , '' , '' , | Q105: ); | S105: =IF(G105="","",EXACT(G105,X105)) | T105: =IF(H105="","",EXACT(H105,Y105)) | U105: =IF(I105="","",EXACT(I105,Z105)) | V105: =IF(J105="","",EXACT(J105,AA105))
...

Sheet 10_実行権限マスタ
A1: パッケージ標準 | E1: 一覧へ | F1: ='[1]1_プロファイルマスタ'!$H$1 -> 横浜銀行様用出荷設定 | I1: 権限種類 | J1: 取引名 | L1: SQL
A2: EXEC_AUTH_ID | B2: DEAL_ID | C2: EXEC_AUTH_NAME | D2: 構築資材 | E2: 変更可否 | F2: EXEC_AUTH_ID | G2: DEAL_ID | H2: EXEC_AUTH_NAME | J2: 数式 | K2: 備考 | L2: 固定 | M2: 固定 | N2: 固定 | O2: 数式 | P2: 固定 | R2: EXEC_AUTH_ID | S2: DEAL_ID | T2: EXEC_AUTH_NAME
A3: 1 | B3: 4 | C3: パスワード変更 | D3: 〇 | E3: 不可 | F3: 1 | G3: 4 | H3: パスワード変更 | I3: メニュー表示権限 | J3: =VLOOKUP(G3,'[1]8_取引マスタ'!$A$3:$G$91,2,FALSE) -> パスワード変更 | L3: INSERT INTO | M3: MST_AUTH_TBL | N3: VALUES( | O3: =F3&" , "&G3&" , "&"'"&H3&"'" -> 1 , 4 , 'パスワード変更' | P3: ); | R3: =IF(F3="","",EXACT(F3,V3)) -> FALSE | S3: =IF(G3="","",EXACT(G3,W3)) -> FALSE | T3: =IF(H3="","",EXACT(H3,X3)) -> FALSE
A4: 2 | B4: 5 | C4: ユーザ管理 | D4: 〇 | E4: 不可 | F4: 2 | G4: 5 | H4: ユーザ管理 | I4: メニュー表示権限 | J4: =VLOOKUP(G4,'[1]8_取引マスタ'!$A$3:$G$91,2,FALSE) -> ユーザ管理 | L4: INSERT INTO | M4: MST_AUTH_TBL | N4: VALUES( | O4: =F4&" , "&G4&" , "&"'"&H4&"'" -> 2 , 5 , 'ユーザ管理' | P4: ); | R4: =IF(F4="","",EXACT(F4,V4)) -> FALSE | S4: =IF(G4="","",EXACT(G4,W4)) -> FALSE | T4: =IF(H4="","",EXACT(H4,X4)) -> FALSE
A5: 3 | B5: 6 | C5: 本人確認 | D5: 〇 | E5: 不可 | F5: 3 | G5: 6 | H5: 本人確認 | I5: メニュー表示権限 | J5: =VLOOKUP(G5,'[1]8_取引マスタ'!$A$3:$G$91,2,FALSE) -> 本人確認 | L5: INSERT INTO | M5: MST_AUTH_TBL | N5: VALUES( | O5: =F5&" , "&G5&" , "&"'"&H5&"'" -> 3 , 6 , '本人確認' | P5: ); | R5: =IF(F5="","",EXACT(F5,V5)) -> FALSE | S5: =IF(G5="","",EXACT(G5,W5)) -> FALSE | T5: =IF(H5="","",EXACT(H5,X5)) -> FALSE
A6: 4 | B6: 6 | C6: 本人確認機密 | D6: 〇 | E6: 不可 | F6: 4 | G6: 6 | H6: 本人確認機密 | I6: 操作権限 | J6: =VLOOKUP(G6,'[1]8_取引マスタ'!$A$3:$G$91,2,FALSE) -> 本人確認 | K6: 未使用（取引リスト表示管理で制御） | L6: INSERT INTO | M6: MST_AUTH_TBL | N6: VALUES( | O6: =F6&" , "&G6&" , "&"'"&H6&"'" -> 4 , 6 , '本人確認機密' | P6: ); | R6: =IF(F6="","",EXACT(F6,V6)) -> FALSE | S6: =IF(G6="","",EXACT(G6,W6)) -> FALSE | T6: =IF(H6="","",EXACT(H6,X6)) -> FALSE
A7: 5 | B7: 7 | C7: 本人確認仕掛照会 | D7: 〇 | E7: 不可 | F7: 5 | G7: 7 | H7: 本人確認仕掛照会 | I7: メニュー表示権限 | J7: =VLOOKUP(G7,'[1]8_取引マスタ'!$A$3:$G$91,2,FALSE) -> 本人確認仕掛照会 | L7: INSERT INTO | M7: MST_AUTH_TBL | N7: VALUES( | O7: =F7&" , "&G7&" , "&"'"&H7&"'" -> 5 , 7 , '本人確認仕掛照会' | P7: ); | R7: =IF(F7="","",EXACT(F7,V7)) -> FALSE | S7: =IF(G7="","",EXACT(G7,W7)) -> FALSE | T7: =IF(H7="","",EXACT(H7,X7)) -> FALSE
A8: 6 | B8: 7 | C8: 本人確認仕掛照会機密 | D8: 〇 | E8: 不可 | F8: 6 | G8: 7 | H8: 本人確認仕掛照会機密 | I8: 操作権限 | J8: =VLOOKUP(G8,'[1]8_取引マスタ'!$A$3:$G$91,2,FALSE) -> 本人確認仕掛照会 | K8: 未使用（取引リスト表示管理で制御） | L8: INSERT INTO | M8: MST_AUTH_TBL | N8: VALUES( | O8: =F8&" , "&G8&" , "&"'"&H8&"'" -> 6 , 7 , '本人確認仕掛照会機密' | P8: ); | R8: =IF(F8="","",EXACT(F8,V8)) -> FALSE | S8: =IF(G8="","",EXACT(G8,W8)) -> FALSE | T8: =IF(H8="","",EXACT(H8,X8)) -> FALSE
A9: 7 | B9: 8 | C9: 判定履歴照会 | D9: 〇 | E9: 不可 | F9: 7 | G9: 8 | H9: 判定履歴照会 | I9: メニュー表示権限 | J9: =VLOOKUP(G9,'[1]8_取引マスタ'!$A$3:$G$91,2,FALSE) -> 判定履歴照会 | L9: INSERT INTO | M9: MST_AUTH_TBL | N9: VALUES( | O9: =F9&" , "&G9&" , "&"'"&H9&"'" -> 7 , 8 , '判定履歴照会' | P9: ); | R9: =IF(F9="","",EXACT(F9,V9)) -> FALSE | S9: =IF(G9="","",EXACT(G9,W9)) -> FALSE | T9: =IF(H9="","",EXACT(H9,X9)) -> FALSE
A10: 8 | B10: 8 | C10: 判定履歴照会機密 | D10: 〇 | E10: 不可 | F10: 8 | G10: 8 | H10: 判定履歴照会機密 | I10: 操作権限 | J10: =VLOOKUP(G10,'[1]8_取引マスタ'!$A$3:$G$91,2,FALSE) -> 判定履歴照会 | K10: 未使用（取引リスト表示管理で制御） | L10: INSERT INTO | M10: MST_AUTH_TBL | N10: VALUES( | O10: =F10&" , "&G10&" , "&"'"&H10&"'" -> 8 , 8 , '判定履歴照会機密' | P10: ); | R10: =IF(F10="","",EXACT(F10,V10)) -> FALSE | S10: =IF(G10="","",EXACT(G10,W10)) -> FALSE | T10: =IF(H10="","",EXACT(H10,X10)) -> FALSE
A11: 9 | B11: 8 | C11: 判定履歴照会全拠点 | D11: 〇 | E11: 不可 | F11: 9 | G11: 8 | H11: 判定履歴照会全拠点 | I11: 操作権限 | J11: =VLOOKUP(G11,'[1]8_取引マスタ'!$A$3:$G$91,2,FALSE) -> 判定履歴照会 | L11: INSERT INTO | M11: MST_AUTH_TBL | N11: VALUES( | O11: =F11&" , "&G11&" , "&"'"&H11&"'" -> 9 , 8 , '判定履歴照会全拠点' | P11: ); | R11: =IF(F11="","",EXACT(F11,V11)) -> FALSE | S11: =IF(G11="","",EXACT(G11,W11)) -> FALSE | T11: =IF(H11="","",EXACT(H11,X11)) -> FALSE
A12: 10 | B12: 9 | C12: 操作ログ照会 | D12: 〇 | E12: 不可 | F12: 10 | G12: 9 | H12: 操作ログ照会 | I12: メニュー表示権限 | J12: =VLOOKUP(G12,'[1]8_取引マスタ'!$A$3:$G$91,2,FALSE) -> 操作ログ照会 | L12: INSERT INTO | M12: MST_AUTH_TBL | N12: VALUES( | O12: =F12&" , "&G12&" , "&"'"&H12&"'" -> 10 , 9 , '操作ログ照会' | P12: ); | R12: =IF(F12="","",EXACT(F12,V12)) -> FALSE | S12: =IF(G12="","",EXACT(G12,W12)) -> FALSE | T12: =IF(H12="","",EXACT(H12,X12)) -> FALSE
A13: 11 | B13: 10 | C13: 未判定照会 | D13: 〇 | E13: 不可 | F13: 11 | G13: 10 | H13: 未判定照会 | I13: メニュー表示権限 | J13: =VLOOKUP(G13,'[1]8_取引マスタ'!$A$3:$G$91,2,FALSE) -> 未判定照会 | L13: INSERT INTO | M13: MST_AUTH_TBL | N13: VALUES( | O13: =F13&" , "&G13&" , "&"'"&H13&"'" -> 11 , 10 , '未判定照会' | P13: ); | R13: =IF(F13="","",EXACT(F13,V13)) -> FALSE | S13: =IF(G13="","",EXACT(G13,W13)) -> FALSE | T13: =IF(H13="","",EXACT(H13,X13)) -> FALSE
A14: 12 | B14: 10 | C14: 未判定照会機密 | D14: 〇 | E14: 不可 | F14: 12 | G14: 10 | H14: 未判定照会機密 | I14: 操作権限 | J14: =VLOOKUP(G14,'[1]8_取引マスタ'!$A$3:$G$91,2,FALSE) -> 未判定照会 | K14: 未使用（取引リスト表示管理で制御） | L14: INSERT INTO | M14: MST_AUTH_TBL | N14: VALUES( | O14: =F14&" , "&G14&" , "&"'"&H14&"'" -> 12 , 10 , '未判定照会機密' | P14: ); | R14: =IF(F14="","",EXACT(F14,V14)) -> FALSE | S14: =IF(G14="","",EXACT(G14,W14)) -> FALSE | T14: =IF(H14="","",EXACT(H14,X14)) -> FALSE
A15: 13 | B15: 11 | C15: 判定済照会 | D15: 〇 | E15: 不可 | F15: 13 | G15: 11 | H15: 判定済照会 | I15: メニュー表示権限 | J15: =VLOOKUP(G15,'[1]8_取引マスタ'!$A$3:$G$91,2,FALSE) -> 判定済照会 | L15: INSERT INTO | M15: MST_AUTH_TBL | N15: VALUES( | O15: =F15&" , "&G15&" , "&"'"&H15&"'" -> 13 , 11 , '判定済照会' | P15: ); | R15: =IF(F15="","",EXACT(F15,V15)) -> FALSE | S15: =IF(G15="","",EXACT(G15,W15)) -> FALSE | T15: =IF(H15="","",EXACT(H15,X15)) -> FALSE
A16: 14 | B16: 11 | C16: 判定済照会機密 | D16: 〇 | E16: 不可 | F16: 14 | G16: 11 | H16: 判定済照会機密 | I16: 操作権限 | J16: =VLOOKUP(G16,'[1]8_取引マスタ'!$A$3:$G$91,2,FALSE) -> 判定済照会 | K16: 未使用（取引リスト表示管理で制御） | L16: INSERT INTO | M16: MST_AUTH_TBL | N16: VALUES( | O16: =F16&" , "&G16&" , "&"'"&H16&"'" -> 14 , 11 , '判定済照会機密' | P16: ); | R16: =IF(F16="","",EXACT(F16,V16)) -> FALSE | S16: =IF(G16="","",EXACT(G16,W16)) -> FALSE | T16: =IF(H16="","",EXACT(H16,X16)) -> FALSE
A17: 15 | B17: 11 | C17: 判定済照会再判定 | D17: 〇 | E17: 不可 | F17: 15 | G17: 11 | H17: 判定済照会再判定 | I17: 操作権限 | J17: =VLOOKUP(G17,'[1]8_取引マスタ'!$A$3:$G$91,2,FALSE) -> 判定済照会 | L17: INSERT INTO | M17: MST_AUTH_TBL | N17: VALUES( | O17: =F17&" , "&G17&" , "&"'"&H17&"'" -> 15 , 11 , '判定済照会再判定' | P17: ); | R17: =IF(F17="","",EXACT(F17,V17)) -> FALSE | S17: =IF(G17="","",EXACT(G17,W17)) -> FALSE | T17: =IF(H17="","",EXACT(H17,X17)) -> FALSE
A18: 16 | B18: 12 | C18: ファイル処理状況照会 | D18: 〇 | E18: 不可 | F18: 16 | G18: 12 | H18: ファイル処理状況照会 | I18: メニュー表示権限 | J18: =VLOOKUP(G18,'[1]8_取引マスタ'!$A$3:$G$91,2,FALSE) -> ファイル処理状況照会 | L18: INSERT INTO | M18: MST_AUTH_TBL | N18: VALUES( | O18: =F18&" , "&G18&" , "&"'"&H18&"'" -> 16 , 12 , 'ファイル処理状況照会' | P18: ); | R18: =IF(F18="","",EXACT(F18,V18)) -> FALSE | S18: =IF(G18="","",EXACT(G18,W18)) -> FALSE | T18: =IF(H18="","",EXACT(H18,X18)) -> FALSE
A19: 18 | B19: 7 | C19: 本人確認仕掛照会判定制限 | D19: 〇 | E19: 不可 | F19: 18 | G19: 7 | H19: 本人確認仕掛照会判定制限 | I19: 操作権限 | J19: =VLOOKUP(G19,'[1]8_取引マスタ'!$A$3:$G$91,2,FALSE) -> 本人確認仕掛照会 | L19: INSERT INTO | M19: MST_AUTH_TBL | N19: VALUES( | O19: =F19&" , "&G19&" , "&"'"&H19&"'" -> 18 , 7 , '本人確認仕掛照会判定制限' | P19: ); | R19: =IF(F19="","",EXACT(F19,V19)) -> FALSE | S19: =IF(G19="","",EXACT(G19,W19)) -> FALSE | T19: =IF(H19="","",EXACT(H19,X19)) -> FALSE
A20: 19 | B20: 10 | C20: 未判定照会判定制限 | D20: 〇 | E20: 不可 | F20: 19 | G20: 10 | H20: 未判定照会判定制限 | I20: 操作権限 | J20: =VLOOKUP(G20,'[1]8_取引マスタ'!$A$3:$G$91,2,FALSE) -> 未判定照会 | L20: INSERT INTO | M20: MST_AUTH_TBL | N20: VALUES( | O20: =F20&" , "&G20&" , "&"'"&H20&"'" -> 19 , 10 , '未判定照会判定制限' | P20: ); | R20: =IF(F20="","",EXACT(F20,V20)) -> FALSE | S20: =IF(G20="","",EXACT(G20,W20)) -> FALSE | T20: =IF(H20="","",EXACT(H20,X20)) -> FALSE
A21: 20 | B21: 7 | C21: 本人確認仕掛照会全拠点 | D21: 〇 | E21: 不可 | F21: 20 | G21: 7 | H21: 本人確認仕掛照会全拠点 | I21: 操作権限 | J21: =VLOOKUP(G21,'[1]8_取引マスタ'!$A$3:$G$91,2,FALSE) -> 本人確認仕掛照会 | L21: INSERT INTO | M21: MST_AUTH_TBL | N21: VALUES( | O21: =F21&" , "&G21&" , "&"'"&H21&"'" -> 20 , 7 , '本人確認仕掛照会全拠点' | P21: ); | R21: =IF(F21="","",EXACT(F21,V21)) -> FALSE | S21: =IF(G21="","",EXACT(G21,W21)) -> FALSE | T21: =IF(H21="","",EXACT(H21,X21)) -> FALSE
A22: 21 | B22: 10 | C22: 未判定照会全拠点 | D22: 〇 | E22: 不可 | F22: 21 | G22: 10 | H22: 未判定照会全拠点 | I22: 操作権限 | J22: =VLOOKUP(G22,'[1]8_取引マスタ'!$A$3:$G$91,2,FALSE) -> 未判定照会 | L22: INSERT INTO | M22: MST_AUTH_TBL | N22: VALUES( | O22: =F22&" , "&G22&" , "&"'"&H22&"'" -> 21 , 10 , '未判定照会全拠点' | P22: ); | R22: =IF(F22="","",EXACT(F22,V22)) -> FALSE | S22: =IF(G22="","",EXACT(G22,W22)) -> FALSE | T22: =IF(H22="","",EXACT(H22,X22)) -> FALSE
A23: 22 | B23: 11 | C23: 判定済照会全拠点 | D23: 〇 | E23: 不可 | F23: 22 | G23: 11 | H23: 判定済照会全拠点 | I23: 操作権限 | J23: =VLOOKUP(G23,'[1]8_取引マスタ'!$A$3:$G$91,2,FALSE) -> 判定済照会 | L23: INSERT INTO | M23: MST_AUTH_TBL | N23: VALUES( | O23: =F23&" , "&G23&" , "&"'"&H23&"'" -> 22 , 11 , '判定済照会全拠点' | P23: ); | R23: =IF(F23="","",EXACT(F23,V23)) -> FALSE | S23: =IF(G23="","",EXACT(G23,W23)) -> FALSE | T23: =IF(H23="","",EXACT(H23,X23)) -> FALSE
A24: 23 | B24: 14 | C24: 未判定照会（連動） | D24: 〇 | E24: 不可 | F24: 23 | G24: 14 | H24: 未判定照会（連動） | I24: メニュー表示権限 | J24: =VLOOKUP(G24,'[1]8_取引マスタ'!$A$3:$G$91,2,FALSE) -> 未判定照会（連動） | L24: INSERT INTO | M24: MST_AUTH_TBL | N24: VALUES( | O24: =F24&" , "&G24&" , "&"'"&H24&"'" -> 23 , 14 , '未判定照会（連動）' | P24: ); | R24: =IF(F24="","",EXACT(F24,V24)) -> FALSE | S24: =IF(G24="","",EXACT(G24,W24)) -> FALSE | T24: =IF(H24="","",EXACT(H24,X24)) -> FALSE
A25: 24 | B25: 14 | C25: 未判定照会（連動）機密 | D25: 〇 | E25: 不可 | F25: 24 | G25: 14 | H25: 未判定照会（連動）機密 | I25: 操作権限 | J25: =VLOOKUP(G25,'[1]8_取引マスタ'!$A$3:$G$91,2,FALSE) -> 未判定照会（連動） | K25: 未使用（取引リスト表示管理で制御） | L25: INSERT INTO | M25: MST_AUTH_TBL | N25: VALUES( | O25: =F25&" , "&G25&" , "&"'"&H25&"'" -> 24 , 14 , '未判定照会（連動）機密' | P25: ); | R25: =IF(F25="","",EXACT(F25,V25)) -> FALSE | S25: =IF(G25="","",EXACT(G25,W25)) -> FALSE | T25: =IF(H25="","",EXACT(H25,X25)) -> FALSE
A26: 25 | B26: 14 | C26: 未判定照会（連動）判定制限 | D26: 〇 | E26: 不可 | F26: 25 | G26: 14 | H26: 未判定照会（連動）判定制限 | I26: 操作権限 | J26: =VLOOKUP(G26,'[1]8_取引マスタ'!$A$3:$G$91,2,FALSE) -> 未判定照会（連動） | L26: INSERT INTO | M26: MST_AUTH_TBL | N26: VALUES( | O26: =F26&" , "&G26&" , "&"'"&H26&"'" -> 25 , 14 , '未判定照会（連動）判定制限' | P26: ); | R26: =IF(F26="","",EXACT(F26,V26)) -> FALSE | S26: =IF(G26="","",EXACT(G26,W26)) -> FALSE | T26: =IF(H26="","",EXACT(H26,X26)) -> FALSE
A27: 26 | B27: 14 | C27: 未判定照会（連動）全拠点 | D27: 〇 | E27: 不可 | F27: 26 | G27: 14 | H27: 未判定照会（連動）全拠点 | I27: 操作権限 | J27: =VLOOKUP(G27,'[1]8_取引マスタ'!$A$3:$G$91,2,FALSE) -> 未判定照会（連動） | L27: INSERT INTO | M27: MST_AUTH_TBL | N27: VALUES( | O27: =F27&" , "&G27&" , "&"'"&H27&"'" -> 26 , 14 , '未判定照会（連動）全拠点' | P27: ); | R27: =IF(F27="","",EXACT(F27,V27)) -> FALSE | S27: =IF(G27="","",EXACT(G27,W27)) -> FALSE | T27: =IF(H27="","",EXACT(H27,X27)) -> FALSE
A28: 27 | B28: 15 | C28: 判定済照会（連動） | D28: 〇 | E28: 不可 | F28: 27 | G28: 15 | H28: 判定済照会（連動） | I28: メニュー表示権限 | J28: =VLOOKUP(G28,'[1]8_取引マスタ'!$A$3:$G$91,2,FALSE) -> 判定済照会（連動） | L28: INSERT INTO | M28: MST_AUTH_TBL | N28: VALUES( | O28: =F28&" , "&G28&" , "&"'"&H28&"'" -> 27 , 15 , '判定済照会（連動）' | P28: ); | R28: =IF(F28="","",EXACT(F28,V28)) -> FALSE | S28: =IF(G28="","",EXACT(G28,W28)) -> FALSE | T28: =IF(H28="","",EXACT(H28,X28)) -> FALSE
A29: 28 | B29: 15 | C29: 判定済照会（連動）機密 | D29: 〇 | E29: 不可 | F29: 28 | G29: 15 | H29: 判定済照会（連動）機密 | I29: 操作権限 | J29: =VLOOKUP(G29,'[1]8_取引マスタ'!$A$3:$G$91,2,FALSE) -> 判定済照会（連動） | K29: 未使用（取引リスト表示管理で制御） | L29: INSERT INTO | M29: MST_AUTH_TBL | N29: VALUES( | O29: =F29&" , "&G29&" , "&"'"&H29&"'" -> 28 , 15 , '判定済照会（連動）機密' | P29: ); | R29: =IF(F29="","",EXACT(F29,V29)) -> FALSE | S29: =IF(G29="","",EXACT(G29,W29)) -> FALSE | T29: =IF(H29="","",EXACT(H29,X29)) -> FALSE
A30: 29 | B30: 15 | C30: 判定済照会（連動）再判定 | D30: 〇 | E30: 不可 | F30: 29 | G30: 15 | H30: 判定済照会（連動）再判定 | I30: 操作権限 | J30: =VLOOKUP(G30,'[1]8_取引マスタ'!$A$3:$G$91,2,FALSE) -> 判定済照会（連動） | L30: INSERT INTO | M30: MST_AUTH_TBL | N30: VALUES( | O30: =F30&" , "&G30&" , "&"'"&H30&"'" -> 29 , 15 , '判定済照会（連動）再判定' | P30: ); | R30: =IF(F30="","",EXACT(F30,V30)) -> FALSE | S30: =IF(G30="","",EXACT(G30,W30)) -> FALSE | T30: =IF(H30="","",EXACT(H30,X30)) -> FALSE
A31: 30 | B31: 15 | C31: 判定済照会（連動）全拠点 | D31: 〇 | E31: 不可 | F31: 30 | G31: 15 | H31: 判定済照会（連動）全拠点 | I31: 操作権限 | J31: =VLOOKUP(G31,'[1]8_取引マスタ'!$A$3:$G$91,2,FALSE) -> 判定済照会（連動） | L31: INSERT INTO | M31: MST_AUTH_TBL | N31: VALUES( | O31: =F31&" , "&G31&" , "&"'"&H31&"'" -> 30 , 15 , '判定済照会（連動）全拠点' | P31: ); | R31: =IF(F31="","",EXACT(F31,V31)) -> FALSE | S31: =IF(G31="","",EXACT(G31,W31)) -> FALSE | T31: =IF(H31="","",EXACT(H31,X31)) -> FALSE
A32: 31 | B32: 7 | C32: 本人確認仕掛照会CSV出力制限 | D32: 〇 | E32: 不可 | F32: 31 | G32: 7 | H32: 本人確認仕掛照会CSV出力制限 | I32: 操作権限 | J32: =VLOOKUP(G32,'[1]8_取引マスタ'!$A$3:$G$91,2,FALSE) -> 本人確認仕掛照会 | L32: INSERT INTO | M32: MST_AUTH_TBL | N32: VALUES( | O32: =F32&" , "&G32&" , "&"'"&H32&"'" -> 31 , 7 , '本人確認仕掛照会CSV出力制限' | P32: ); | R32: =IF(F32="","",EXACT(F32,V32)) -> FALSE | S32: =IF(G32="","",EXACT(G32,W32)) -> FALSE | T32: =IF(H32="","",EXACT(H32,X32)) -> FALSE
A33: 32 | B33: 8 | C33: 判定履歴照会ファイル出力制限 | D33: 〇 | E33: 不可 | F33: 32 | G33: 8 | H33: 判定履歴照会ファイル出力制限 | I33: 操作権限 | J33: =VLOOKUP(G33,'[1]8_取引マスタ'!$A$3:$G$91,2,FALSE) -> 判定履歴照会 | L33: INSERT INTO | M33: MST_AUTH_TBL | N33: VALUES( | O33: =F33&" , "&G33&" , "&"'"&H33&"'" -> 32 , 8 , '判定履歴照会ファイル出力制限' | P33: ); | R33: =IF(F33="","",EXACT(F33,V33)) -> FALSE | S33: =IF(G33="","",EXACT(G33,W33)) -> FALSE | T33: =IF(H33="","",EXACT(H33,X33)) -> FALSE
A34: 33 | B34: 8 | C34: 判定履歴照会CSV出力制限 | D34: 〇 | E34: 不可 | F34: 33 | G34: 8 | H34: 判定履歴照会CSV出力制限 | I34: 操作権限 | J34: =VLOOKUP(G34,'[1]8_取引マスタ'!$A$3:$G$91,2,FALSE) -> 判定履歴照会 | L34: INSERT INTO | M34: MST_AUTH_TBL | N34: VALUES( | O34: =F34&" , "&G34&" , "&"'"&H34&"'" -> 33 , 8 , '判定履歴照会CSV出力制限' | P34: ); | R34: =IF(F34="","",EXACT(F34,V34)) -> FALSE | S34: =IF(G34="","",EXACT(G34,W34)) -> FALSE | T34: =IF(H34="","",EXACT(H34,X34)) -> FALSE
A35: 34 | B35: 10 | C35: 未判定照会CSV出力制限 | D35: 〇 | E35: 不可 | F35: 34 | G35: 10 | H35: 未判定照会CSV出力制限 | I35: 操作権限 | J35: =VLOOKUP(G35,'[1]8_取引マスタ'!$A$3:$G$91,2,FALSE) -> 未判定照会 | L35: INSERT INTO | M35: MST_AUTH_TBL | N35: VALUES( | O35: =F35&" , "&G35&" , "&"'"&H35&"'" -> 34 , 10 , '未判定照会CSV出力制限' | P35: ); | R35: =IF(F35="","",EXACT(F35,V35)) -> FALSE | S35: =IF(G35="","",EXACT(G35,W35)) -> FALSE | T35: =IF(H35="","",EXACT(H35,X35)) -> FALSE
A36: 35 | B36: 11 | C36: 判定済照会ファイル出力制限 | D36: 〇 | E36: 不可 | F36: 35 | G36: 11 | H36: 判定済照会ファイル出力制限 | I36: 操作権限 | J36: =VLOOKUP(G36,'[1]8_取引マスタ'!$A$3:$G$91,2,FALSE) -> 判定済照会 | K36: PKGでは廃止したボタンの権限 | L36: INSERT INTO | M36: MST_AUTH_TBL | N36: VALUES( | O36: =F36&" , "&G36&" , "&"'"&H36&"'" -> 35 , 11 , '判定済照会ファイル出力制限' | P36: ); | R36: =IF(F36="","",EXACT(F36,V36)) -> FALSE | S36: =IF(G36="","",EXACT(G36,W36)) -> FALSE | T36: =IF(H36="","",EXACT(H36,X36)) -> FALSE
A37: 36 | B37: 11 | C37: 判定済照会CSV出力制限 | D37: 〇 | E37: 不可 | F37: 36 | G37: 11 | H37: 判定済照会CSV出力制限 | I37: 操作権限 | J37: =VLOOKUP(G37,'[1]8_取引マスタ'!$A$3:$G$91,2,FALSE) -> 判定済照会 | L37: INSERT INTO | M37: MST_AUTH_TBL | N37: VALUES( | O37: =F37&" , "&G37&" , "&"'"&H37&"'" -> 36 , 11 , '判定済照会CSV出力制限' | P37: ); | R37: =IF(F37="","",EXACT(F37,V37)) -> FALSE | S37: =IF(G37="","",EXACT(G37,W37)) -> FALSE | T37: =IF(H37="","",EXACT(H37,X37)) -> FALSE
A38: 37 | B38: 14 | C38: 未判定照会（連動）CSV出力制限 | D38: 〇 | E38: 不可 | F38: 37 | G38: 14 | H38: 未判定照会（連動）CSV出力制限 | I38: 操作権限 | J38: =VLOOKUP(G38,'[1]8_取引マスタ'!$A$3:$G$91,2,FALSE) -> 未判定照会（連動） | L38: INSERT INTO | M38: MST_AUTH_TBL | N38: VALUES( | O38: =F38&" , "&G38&" , "&"'"&H38&"'" -> 37 , 14 , '未判定照会（連動）CSV出力制限' | P38: ); | R38: =IF(F38="","",EXACT(F38,V38)) -> FALSE | S38: =IF(G38="","",EXACT(G38,W38)) -> FALSE | T38: =IF(H38="","",EXACT(H38,X38)) -> FALSE
A39: 38 | B39: 15 | C39: 判定済照会（連動）ファイル出力制限 | D39: 〇 | E39: 不可 | F39: 38 | G39: 15 | H39: 判定済照会（連動）ファイル出力制限 | I39: 操作権限 | J39: =VLOOKUP(G39,'[1]8_取引マスタ'!$A$3:$G$91,2,FALSE) -> 判定済照会（連動） | K39: PKGでは廃止したボタンの権限 | L39: INSERT INTO | M39: MST_AUTH_TBL | N39: VALUES( | O39: =F39&" , "&G39&" , "&"'"&H39&"'" -> 38 , 15 , '判定済照会（連動）ファイル出力制限' | P39: ); | R39: =IF(F39="","",EXACT(F39,V39)) -> FALSE | S39: =IF(G39="","",EXACT(G39,W39)) -> FALSE | T39: =IF(H39="","",EXACT(H39,X39)) -> FALSE
A40: 39 | B40: 15 | C40: 判定済照会（連動）CSV出力制限 | D40: 〇 | E40: 不可 | F40: 39 | G40: 15 | H40: 判定済照会（連動）CSV出力制限 | I40: 操作権限 | J40: =VLOOKUP(G40,'[1]8_取引マスタ'!$A$3:$G$91,2,FALSE) -> 判定済照会（連動） | L40: INSERT INTO | M40: MST_AUTH_TBL | N40: VALUES( | O40: =F40&" , "&G40&" , "&"'"&H40&"'" -> 39 , 15 , '判定済照会（連動）CSV出力制限' | P40: ); | R40: =IF(F40="","",EXACT(F40,V40)) -> FALSE | S40: =IF(G40="","",EXACT(G40,W40)) -> FALSE | T40: =IF(H40="","",EXACT(H40,X40)) -> FALSE
A41: 40 | B41: 16 | C41: 共通リスト登録日照会 | D41: × | E41: 不可 | I41: メニュー表示権限 | J41: =VLOOKUP(G41,'[2]8_取引マスタ'!$A$3:$G$91,2,FALSE) -> #N/A | K41: PKGでは廃止したメニューの権限 | L41: INSERT INTO | M41: MST_AUTH_TBL | N41: VALUES( | O41: =F41&" , "&G41&" , "&"'"&H41&"'" -> , , '' | P41: ); | R41: =IF(F41="","",EXACT(F41,V41)) | S41: =IF(G41="","",EXACT(G41,W41)) | T41: =IF(H41="","",EXACT(H41,X41))
A42: 41 | B42: 17 | C42: URL連携フィルタリング | D42: 〇 | E42: 不可 | F42: 41 | G42: 17 | H42: URL連携フィルタリング | I42: メニュー表示権限 | J42: =VLOOKUP(G42,'[1]8_取引マスタ'!$A$3:$G$91,2,FALSE) -> URL連携フィルタリング | L42: INSERT INTO | M42: MST_AUTH_TBL | N42: VALUES( | O42: =F42&" , "&G42&" , "&"'"&H42&"'" -> 41 , 17 , 'URL連携フィルタリング' | P42: ); | R42: =IF(F42="","",EXACT(F42,V42)) -> FALSE | S42: =IF(G42="","",EXACT(G42,W42)) -> FALSE | T42: =IF(H42="","",EXACT(H42,X42)) -> FALSE
A43: 42 | B43: 18 | C43: CRM連携フィルタリング | D43: × | E43: 不可 | I43: メニュー表示権限 | J43: =VLOOKUP(G43,'[1]8_取引マスタ'!$A$3:$G$91,2,FALSE) -> #N/A | K43: カスタマイズ権限 | L43: INSERT INTO | M43: MST_AUTH_TBL | N43: VALUES( | O43: =F43&" , "&G43&" , "&"'"&H43&"'" -> , , '' | P43: ); | R43: =IF(F43="","",EXACT(F43,V43)) | S43: =IF(G43="","",EXACT(G43,W43)) | T43: =IF(H43="","",EXACT(H43,X43))
A44: 43 | B44: 19 | C44: CRM連携帳票出力 | D44: × | E44: 不可 | I44: 操作権限 | J44: =VLOOKUP(G44,'[1]8_取引マスタ'!$A$3:$G$91,2,FALSE) -> #N/A | K44: カスタマイズ権限 | L44: INSERT INTO | M44: MST_AUTH_TBL | N44: VALUES( | O44: =F44&" , "&G44&" , "&"'"&H44&"'" -> , , '' | P44: ); | R44: =IF(F44="","",EXACT(F44,V44)) | S44: =IF(G44="","",EXACT(G44,W44)) | T44: =IF(H44="","",EXACT(H44,X44))
A45: 44 | B45: 24 | C45: シミュレーションフィルタリング予約 | D45: 〇 | E45: 不可 | F45: 44 | G45: 24 | H45: シミュレーションフィルタリング予約 | I45: メニュー表示権限 | J45: =VLOOKUP(G45,'[1]8_取引マスタ'!$A$3:$G$91,2,FALSE) -> シミュレーション予約 | L45: INSERT INTO | M45: MST_AUTH_TBL | N45: VALUES( | O45: =F45&" , "&G45&" , "&"'"&H45&"'" -> 44 , 24 , 'シミュレーションフィルタリング予約' | P45: ); | R45: =IF(F45="","",EXACT(F45,V45)) -> FALSE | S45: =IF(G45="","",EXACT(G45,W45)) -> FALSE | T45: =IF(H45="","",EXACT(H45,X45)) -> FALSE
A46: 45 | B46: 25 | C46: シミュレーションフィルタリング結果確認 | D46: 〇 | E46: 不可 | F46: 45 | G46: 25 | H46: シミュレーションフィルタリング結果確認 | I46: メニュー表示権限 | J46: =VLOOKUP(G46,'[1]8_取引マスタ'!$A$3:$G$91,2,FALSE) -> シミュレーション結果確認 | L46: INSERT INTO | M46: MST_AUTH_TBL | N46: VALUES( | O46: =F46&" , "&G46&" , "&"'"&H46&"'" -> 45 , 25 , 'シミュレーションフィルタリング結果確認' | P46: ); | R46: =IF(F46="","",EXACT(F46,V46)) -> FALSE | S46: =IF(G46="","",EXACT(G46,W46)) -> FALSE | T46: =IF(H46="","",EXACT(H46,X46)) -> FALSE
A47: 46 | B47: 25 | C47: シミュレーションフィルタリング結果確認CSV出力制限 | D47: 〇 | E47: 不可 | F47: 46 | G47: 25 | H47: シミュレーションフィルタリング結果確認CSV出力制限 | I47: 操作権限 | J47: =VLOOKUP(G47,'[1]8_取引マスタ'!$A$3:$G$91,2,FALSE) -> シミュレーション結果確認 | L47: INSERT INTO | M47: MST_AUTH_TBL | N47: VALUES( | O47: =F47&" , "&G47&" , "&"'"&H47&"'" -> 46 , 25 , 'シミュレーションフィルタリング結果確認CSV出力制限' | P47: ); | R47: =IF(F47="","",EXACT(F47,V47)) -> FALSE | S47: =IF(G47="","",EXACT(G47,W47)) -> FALSE | T47: =IF(H47="","",EXACT(H47,X47)) -> FALSE
A48: 47 | B48: 26 | C48: シミュレーションフィルタリング環境設定 | D48: × | E48: 不可 | I48: メニュー表示権限 | J48: =VLOOKUP(G48,'[1]8_取引マスタ'!$A$3:$G$91,2,FALSE) -> #N/A | K48: PKGでは廃止したメニューの権限 | L48: INSERT INTO | M48: MST_AUTH_TBL | N48: VALUES( | O48: =F48&" , "&G48&" , "&"'"&H48&"'" -> , , '' | P48: ); | R48: =IF(F48="","",EXACT(F48,V48)) | S48: =IF(G48="","",EXACT(G48,W48)) | T48: =IF(H48="","",EXACT(H48,X48))
A49: 48 | B49: 27 | C49: 検索対象者一覧データ アップロード | D49: 〇 | E49: 不可 | F49: 48 | G49: 27 | H49: 検索対象者一覧データ アップロード | I49: メニュー表示権限 | J49: =VLOOKUP(G49,'[1]8_取引マスタ'!$A$3:$G$91,2,FALSE) -> 検索対象者一覧アップロード | L49: INSERT INTO | M49: MST_AUTH_TBL | N49: VALUES( | O49: =F49&" , "&G49&" , "&"'"&H49&"'" -> 48 , 27 , '検索対象者一覧データ アップロード' | P49: ); | R49: =IF(F49="","",EXACT(F49,V49)) -> FALSE | S49: =IF(G49="","",EXACT(G49,W49)) -> FALSE | T49: =IF(H49="","",EXACT(H49,X49)) -> FALSE
A50: 49 | B50: 28 | C50: 登録済リスト参照 | D50: 〇 | E50: 不可 | F50: 49 | G50: 28 | H50: 登録済リスト参照 | I50: メニュー表示権限 | J50: =VLOOKUP(G50,'[1]8_取引マスタ'!$A$3:$G$91,2,FALSE) -> 登録済リスト参照 | L50: INSERT INTO | M50: MST_AUTH_TBL | N50: VALUES( | O50: =F50&" , "&G50&" , "&"'"&H50&"'" -> 49 , 28 , '登録済リスト参照' | P50: ); | R50: =IF(F50="","",EXACT(F50,V50)) -> FALSE | S50: =IF(G50="","",EXACT(G50,W50)) -> FALSE | T50: =IF(H50="","",EXACT(H50,X50)) -> FALSE
A51: 50 | B51: 29 | C51: リスト追加登録 | D51: × | E51: 不可 | I51: メニュー表示権限 | J51: =VLOOKUP(G51,'[1]8_取引マスタ'!$A$3:$G$91,2,FALSE) -> #N/A | K51: PKGでは廃止したメニューの権限 | L51: INSERT INTO | M51: MST_AUTH_TBL | N51: VALUES( | O51: =F51&" , "&G51&" , "&"'"&H51&"'" -> , , '' | P51: ); | R51: =IF(F51="","",EXACT(F51,V51)) | S51: =IF(G51="","",EXACT(G51,W51)) | T51: =IF(H51="","",EXACT(H51,X51))
A52: 51 | B52: 30 | C52: リストアップロード | D52: 〇 | E52: 不可 | F52: 51 | G52: 30 | H52: リストアップロード | I52: メニュー表示権限 | J52: =VLOOKUP(G52,'[1]8_取引マスタ'!$A$3:$G$91,2,FALSE) -> リストアップロード | L52: INSERT INTO | M52: MST_AUTH_TBL | N52: VALUES( | O52: =F52&" , "&G52&" , "&"'"&H52&"'" -> 51 , 30 , 'リストアップロード' | P52: ); | R52: =IF(F52="","",EXACT(F52,V52)) -> FALSE | S52: =IF(G52="","",EXACT(G52,W52)) -> FALSE | T52: =IF(H52="","",EXACT(H52,X52)) -> FALSE
A53: 52 | B53: 31 | C53: ホワイトリスト登録 | D53: 〇 | E53: 不可 | F53: 52 | G53: 31 | H53: ホワイトリスト登録 | I53: メニュー表示権限 | J53: =VLOOKUP(G53,'[1]8_取引マスタ'!$A$3:$G$91,2,FALSE) -> ホワイトリスト登録 | L53: INSERT INTO | M53: MST_AUTH_TBL | N53: VALUES( | O53: =F53&" , "&G53&" , "&"'"&H53&"'" -> 52 , 31 , 'ホワイトリスト登録' | P53: ); | R53: =IF(F53="","",EXACT(F53,V53)) -> FALSE | S53: =IF(G53="","",EXACT(G53,W53)) -> FALSE | T53: =IF(H53="","",EXACT(H53,X53)) -> FALSE
A54: 53 | B54: 32 | C54: 長期保管判定履歴照会 | D54: × | E54: 不可 | I54: メニュー表示権限 | J54: =VLOOKUP(G54,'[1]8_取引マスタ'!$A$3:$G$91,2,FALSE) -> #N/A | K54: PKGでは廃止したメニューの権限 | L54: INSERT INTO | M54: MST_AUTH_TBL | N54: VALUES( | O54: =F54&" , "&G54&" , "&"'"&H54&"'" -> , , '' | P54: ); | R54: =IF(F54="","",EXACT(F54,V54)) | S54: =IF(G54="","",EXACT(G54,W54)) | T54: =IF(H54="","",EXACT(H54,X54))
A55: 54 | B55: 32 | C55: 長期保管(本人確認)機密 | D55: × | E55: 不可 | I55: 操作権限 | J55: =VLOOKUP(G55,'[1]8_取引マスタ'!$A$3:$G$91,2,FALSE) -> #N/A | K55: PKGでは廃止したメニューの権限 | L55: INSERT INTO | M55: MST_AUTH_TBL | N55: VALUES( | O55: =F55&" , "&G55&" , "&"'"&H55&"'" -> , , '' | P55: ); | R55: =IF(F55="","",EXACT(F55,V55)) | S55: =IF(G55="","",EXACT(G55,W55)) | T55: =IF(H55="","",EXACT(H55,X55))
A56: 55 | B56: 32 | C56: 長期保管(本人確認)CSV出力制限 | D56: × | E56: 不可 | I56: 操作権限 | J56: =VLOOKUP(G56,'[1]8_取引マスタ'!$A$3:$G$91,2,FALSE) -> #N/A | K56: PKGでは廃止したメニューの権限 | L56: INSERT INTO | M56: MST_AUTH_TBL | N56: VALUES( | O56: =F56&" , "&G56&" , "&"'"&H56&"'" -> , , '' | P56: ); | R56: =IF(F56="","",EXACT(F56,V56)) | S56: =IF(G56="","",EXACT(G56,W56)) | T56: =IF(H56="","",EXACT(H56,X56))
A57: 56 | B57: 32 | C57: 長期保管(バッチ)機密 | D57: × | E57: 不可 | I57: 操作権限 | J57: =VLOOKUP(G57,'[1]8_取引マスタ'!$A$3:$G$91,2,FALSE) -> #N/A | K57: PKGでは廃止したメニューの権限 | L57: INSERT INTO | M57: MST_AUTH_TBL | N57: VALUES( | O57: =F57&" , "&G57&" , "&"'"&H57&"'" -> , , '' | P57: ); | R57: =IF(F57="","",EXACT(F57,V57)) | S57: =IF(G57="","",EXACT(G57,W57)) | T57: =IF(H57="","",EXACT(H57,X57))
A58: 57 | B58: 32 | C58: 長期保管(バッチ)CSV出力制限 | D58: × | E58: 不可 | I58: 操作権限 | J58: =VLOOKUP(G58,'[1]8_取引マスタ'!$A$3:$G$91,2,FALSE) -> #N/A | K58: PKGでは廃止したメニューの権限 | L58: INSERT INTO | M58: MST_AUTH_TBL | N58: VALUES( | O58: =F58&" , "&G58&" , "&"'"&H58&"'" -> , , '' | P58: ); | R58: =IF(F58="","",EXACT(F58,V58)) | S58: =IF(G58="","",EXACT(G58,W58)) | T58: =IF(H58="","",EXACT(H58,X58))
A59: 58 | B59: 32 | C59: 長期保管(リアルタイム)機密 | D59: × | E59: 不可 | I59: 操作権限 | J59: =VLOOKUP(G59,'[1]8_取引マスタ'!$A$3:$G$91,2,FALSE) -> #N/A | K59: PKGでは廃止したメニューの権限 | L59: INSERT INTO | M59: MST_AUTH_TBL | N59: VALUES( | O59: =F59&" , "&G59&" , "&"'"&H59&"'" -> , , '' | P59: ); | R59: =IF(F59="","",EXACT(F59,V59)) | S59: =IF(G59="","",EXACT(G59,W59)) | T59: =IF(H59="","",EXACT(H59,X59))
A60: 59 | B60: 32 | C60: 長期保管(リアルタイム)CSV出力制限 | D60: × | E60: 不可 | I60: 操作権限 | J60: =VLOOKUP(G60,'[1]8_取引マスタ'!$A$3:$G$91,2,FALSE) -> #N/A | K60: PKGでは廃止したメニューの権限 | L60: INSERT INTO | M60: MST_AUTH_TBL | N60: VALUES( | O60: =F60&" , "&G60&" , "&"'"&H60&"'" -> , , '' | P60: ); | R60: =IF(F60="","",EXACT(F60,V60)) | S60: =IF(G60="","",EXACT(G60,W60)) | T60: =IF(H60="","",EXACT(H60,X60))
A61: 60 | B61: 33 | C61: 長期保管操作ログ照会 | D61: × | E61: 不可 | I61: 操作権限 | J61: =VLOOKUP(G61,'[1]8_取引マスタ'!$A$3:$G$91,2,FALSE) -> #N/A | K61: PKGでは廃止したメニューの権限 | L61: INSERT INTO | M61: MST_AUTH_TBL | N61: VALUES( | O61: =F61&" , "&G61&" , "&"'"&H61&"'" -> , , '' | P61: ); | R61: =IF(F61="","",EXACT(F61,V61)) | S61: =IF(G61="","",EXACT(G61,W61)) | T61: =IF(H61="","",EXACT(H61,X61))
A62: 61 | B62: 36 | C62: オンラインリスト反映 | D62: × | E62: 不可 | I62: メニュー表示権限 | J62: =VLOOKUP(G62,'[1]8_取引マスタ'!$A$3:$G$91,2,FALSE) -> #N/A | K62: PKGでは廃止したメニューの権限 | L62: INSERT INTO | M62: MST_AUTH_TBL | N62: VALUES( | O62: =F62&" , "&G62&" , "&"'"&H62&"'" -> , , '' | P62: ); | R62: =IF(F62="","",EXACT(F62,V62)) | S62: =IF(G62="","",EXACT(G62,W62)) | T62: =IF(H62="","",EXACT(H62,X62))
A63: 62 | B63: 9 | C63: 操作ログ照会CSV出力制限 | D63: 〇 | E63: 不可 | F63: 62 | G63: 9 | H63: 操作ログ照会CSV出力制限 | I63: 操作権限 | J63: =VLOOKUP(G63,'[1]8_取引マスタ'!$A$3:$G$91,2,FALSE) -> 操作ログ照会 | L63: INSERT INTO | M63: MST_AUTH_TBL | N63: VALUES( | O63: =F63&" , "&G63&" , "&"'"&H63&"'" -> 62 , 9 , '操作ログ照会CSV出力制限' | P63: ); | R63: =IF(F63="","",EXACT(F63,V63)) -> FALSE | S63: =IF(G63="","",EXACT(G63,W63)) -> FALSE | T63: =IF(H63="","",EXACT(H63,X63)) -> FALSE
A64: 63 | B64: 37 | C64: 運用ファイルアップロード | D64: 〇 | E64: 不可 | F64: 63 | G64: 37 | H64: 運用ファイルアップロード | I64: メニュー表示権限 | J64: =VLOOKUP(G64,'[1]8_取引マスタ'!$A$3:$G$91,2,FALSE) -> 運用ファイルアップロード | L64: INSERT INTO | M64: MST_AUTH_TBL | N64: VALUES( | O64: =F64&" , "&G64&" , "&"'"&H64&"'" -> 63 , 37 , '運用ファイルアップロード' | P64: ); | R64: =IF(F64="","",EXACT(F64,V64)) -> FALSE | S64: =IF(G64="","",EXACT(G64,W64)) -> FALSE | T64: =IF(H64="","",EXACT(H64,X64)) -> FALSE
A65: 1001 | B65: 6 | C65: 担当者用本人確認判定制限 | D65: 〇 | E65: 不可 | F65: 1001 | G65: 6 | H65: 担当者用本人確認判定制限 | I65: 操作権限 | J65: =VLOOKUP(G65,'[1]8_取引マスタ'!$A$3:$G$91,2,FALSE) -> 本人確認 | L65: INSERT INTO | M65: MST_AUTH_TBL | N65: VALUES( | O65: =F65&" , "&G65&" , "&"'"&H65&"'" -> 1001 , 6 , '担当者用本人確認判定制限' | P65: ); | R65: =IF(F65="","",EXACT(F65,V65)) -> FALSE | S65: =IF(G65="","",EXACT(G65,W65)) -> FALSE | T65: =IF(H65="","",EXACT(H65,X65)) -> FALSE
A66: 1002 | B66: 7 | C66: 担当者用本人確認仕掛照会判定制限 | D66: 〇 | E66: 不可 | F66: 1002 | G66: 7 | H66: 担当者用本人確認仕掛照会判定制限 | I66: 操作権限 | J66: =VLOOKUP(G66,'[1]8_取引マスタ'!$A$3:$G$91,2,FALSE) -> 本人確認仕掛照会 | L66: INSERT INTO | M66: MST_AUTH_TBL | N66: VALUES( | O66: =F66&" , "&G66&" , "&"'"&H66&"'" -> 1002 , 7 , '担当者用本人確認仕掛照会判定制限' | P66: ); | R66: =IF(F66="","",EXACT(F66,V66)) -> FALSE | S66: =IF(G66="","",EXACT(G66,W66)) -> FALSE | T66: =IF(H66="","",EXACT(H66,X66)) -> FALSE
A67: 1003 | B67: 10 | C67: 担当者用未判定照会判定制限 | D67: 〇 | E67: 不可 | F67: 1003 | G67: 10 | H67: 担当者用未判定照会判定制限 | I67: 操作権限 | J67: =VLOOKUP(G67,'[1]8_取引マスタ'!$A$3:$G$91,2,FALSE) -> 未判定照会 | L67: INSERT INTO | M67: MST_AUTH_TBL | N67: VALUES( | O67: =F67&" , "&G67&" , "&"'"&H67&"'" -> 1003 , 10 , '担当者用未判定照会判定制限' | P67: ); | R67: =IF(F67="","",EXACT(F67,V67)) -> FALSE | S67: =IF(G67="","",EXACT(G67,W67)) -> FALSE | T67: =IF(H67="","",EXACT(H67,X67)) -> FALSE
A68: 1004 | B68: 14 | C68: 担当者用未判定照会（連動）判定制限 | D68: 〇 | E68: 不可 | F68: 1004 | G68: 14 | H68: 担当者用未判定照会（連動）判定制限 | I68: 操作権限 | J68: =VLOOKUP(G68,'[1]8_取引マスタ'!$A$3:$G$91,2,FALSE) -> 未判定照会（連動） | L68: INSERT INTO | M68: MST_AUTH_TBL | N68: VALUES( | O68: =F68&" , "&G68&" , "&"'"&H68&"'" -> 1004 , 14 , '担当者用未判定照会（連動）判定制限' | P68: ); | R68: =IF(F68="","",EXACT(F68,V68)) -> FALSE | S68: =IF(G68="","",EXACT(G68,W68)) -> FALSE | T68: =IF(H68="","",EXACT(H68,X68)) -> FALSE
A69: 1100 | B69: 21 | C69: 個別リストアップロード | D69: × | E69: 不可 | I69: メニュー表示権限 | J69: =VLOOKUP(G69,'[1]8_取引マスタ'!$A$3:$G$91,2,FALSE) -> #N/A | K69: カスタマイズ権限 | L69: INSERT INTO | M69: MST_AUTH_TBL | N69: VALUES( | O69: =F69&" , "&G69&" , "&"'"&H69&"'" -> , , '' | P69: ); | R69: =IF(F69="","",EXACT(F69,V69)) | S69: =IF(G69="","",EXACT(G69,W69)) | T69: =IF(H69="","",EXACT(H69,X69))
A70: 1101 | B70: 22 | C70: 項目リストアップロード | D70: × | E70: 不可 | I70: メニュー表示権限 | J70: =VLOOKUP(G70,'[1]8_取引マスタ'!$A$3:$G$91,2,FALSE) -> #N/A | K70: カスタマイズ権限 | L70: INSERT INTO | M70: MST_AUTH_TBL | N70: VALUES( | O70: =F70&" , "&G70&" , "&"'"&H70&"'" -> , , '' | P70: ); | R70: =IF(F70="","",EXACT(F70,V70)) | S70: =IF(G70="","",EXACT(G70,W70)) | T70: =IF(H70="","",EXACT(H70,X70))
A71: 2001 | B71: 6 | C71: 本人確認注意文言表示 | D71: 〇 | E71: 不可 | F71: 2001 | G71: 6 | H71: 本人確認注意文言表示 | I71: 画面項目表示権限 | J71: =VLOOKUP(G71,'[1]8_取引マスタ'!$A$3:$G$91,2,FALSE) -> 本人確認 | L71: INSERT INTO | M71: MST_AUTH_TBL | N71: VALUES( | O71: =F71&" , "&G71&" , "&"'"&H71&"'" -> 2001 , 6 , '本人確認注意文言表示' | P71: ); | R71: =IF(F71="","",EXACT(F71,V71)) -> FALSE | S71: =IF(G71="","",EXACT(G71,W71)) -> FALSE | T71: =IF(H71="","",EXACT(H71,X71)) -> FALSE
A72: 501 | B72: 10 | C72: 全量CIFファイル | D72: 〇 | E72: 不可 | F72: 501 | G72: 10 | H72: 全量CIFファイル | I72: プルダウン表示権限 | J72: =VLOOKUP(G72,'[1]8_取引マスタ'!$A$3:$G$91,2,FALSE) -> 未判定照会 | L72: INSERT INTO | M72: MST_AUTH_TBL | N72: VALUES( | O72: =F72&" , "&G72&" , "&"'"&H72&"'" -> 501 , 10 , '全量CIFファイル' | P72: ); | R72: =IF(F72="","",EXACT(F72,V72)) -> FALSE | S72: =IF(G72="","",EXACT(G72,W72)) -> FALSE | T72: =IF(H72="","",EXACT(H72,X72)) -> FALSE
A73: 502 | B73: 11 | C73: 全量CIFファイル | D73: 〇 | E73: 不可 | F73: 502 | G73: 11 | H73: 全量CIFファイル | I73: プルダウン表示権限 | J73: =VLOOKUP(G73,'[1]8_取引マスタ'!$A$3:$G$91,2,FALSE) -> 判定済照会 | L73: INSERT INTO | M73: MST_AUTH_TBL | N73: VALUES( | O73: =F73&" , "&G73&" , "&"'"&H73&"'" -> 502 , 11 , '全量CIFファイル' | P73: ); | R73: =IF(F73="","",EXACT(F73,V73)) -> FALSE | S73: =IF(G73="","",EXACT(G73,W73)) -> FALSE | T73: =IF(H73="","",EXACT(H73,X73)) -> FALSE
A74: 511 | B74: 10 | C74: 差分CIFファイル | D74: 〇 | E74: 不可 | F74: 511 | G74: 10 | H74: 差分CIFファイル | I74: プルダウン表示権限 | J74: =VLOOKUP(G74,'[1]8_取引マスタ'!$A$3:$G$91,2,FALSE) -> 未判定照会 | L74: INSERT INTO | M74: MST_AUTH_TBL | N74: VALUES( | O74: =F74&" , "&G74&" , "&"'"&H74&"'" -> 511 , 10 , '差分CIFファイル' | P74: ); | R74: =IF(F74="","",EXACT(F74,V74)) -> FALSE | S74: =IF(G74="","",EXACT(G74,W74)) -> FALSE | T74: =IF(H74="","",EXACT(H74,X74)) -> FALSE
A75: 512 | B75: 11 | C75: 差分CIFファイル | D75: 〇 | E75: 不可 | F75: 512 | G75: 11 | H75: 差分CIFファイル | I75: プルダウン表示権限 | J75: =VLOOKUP(G75,'[1]8_取引マスタ'!$A$3:$G$91,2,FALSE) -> 判定済照会 | L75: INSERT INTO | M75: MST_AUTH_TBL | N75: VALUES( | O75: =F75&" , "&G75&" , "&"'"&H75&"'" -> 512 , 11 , '差分CIFファイル' | P75: ); | R75: =IF(F75="","",EXACT(F75,V75)) -> FALSE | S75: =IF(G75="","",EXACT(G75,W75)) -> FALSE | T75: =IF(H75="","",EXACT(H75,X75)) -> FALSE
A76: 521 | B76: 10 | C76: 検索対象者一覧ファイル | D76: 〇 | E76: 可 | F76: 521 | G76: 10 | H76: 一括フィルタリング① | J76: =VLOOKUP(G76,'[1]8_取引マスタ'!$A$3:$G$91,2,FALSE) -> 未判定照会 | L76: INSERT INTO | M76: MST_AUTH_TBL | N76: VALUES( | O76: =F76&" , "&G76&" , "&"'"&H76&"'" -> 521 , 10 , '一括フィルタリング①' | P76: ); | R76: =IF(F76="","",EXACT(F76,V76)) -> FALSE | S76: =IF(G76="","",EXACT(G76,W76)) -> FALSE | T76: =IF(H76="","",EXACT(H76,X76)) -> FALSE
A77: 522 | B77: 11 | C77: 検索対象者一覧ファイル | D77: 〇 | E77: 可 | F77: 522 | G77: 11 | H77: 一括フィルタリング① | J77: =VLOOKUP(G77,'[1]8_取引マスタ'!$A$3:$G$91,2,FALSE) -> 判定済照会 | L77: INSERT INTO | M77: MST_AUTH_TBL | N77: VALUES( | O77: =F77&" , "&G77&" , "&"'"&H77&"'" -> 522 , 11 , '一括フィルタリング①' | P77: ); | R77: =IF(F77="","",EXACT(F77,V77)) -> FALSE | S77: =IF(G77="","",EXACT(G77,W77)) -> FALSE | T77: =IF(H77="","",EXACT(H77,X77)) -> FALSE
A78: 523 | B78: 27 | C78: 検索対象者一覧ファイル | D78: 〇 | E78: 可 | F78: 523 | G78: 27 | H78: 一括フィルタリング① | J78: =VLOOKUP(G78,'[1]8_取引マスタ'!$A$3:$G$91,2,FALSE) -> 検索対象者一覧アップロード | L78: INSERT INTO | M78: MST_AUTH_TBL | N78: VALUES( | O78: =F78&" , "&G78&" , "&"'"&H78&"'" -> 523 , 27 , '一括フィルタリング①' | P78: ); | R78: =IF(F78="","",EXACT(F78,V78)) -> FALSE | S78: =IF(G78="","",EXACT(G78,W78)) -> FALSE | T78: =IF(H78="","",EXACT(H78,X78)) -> FALSE
E79: 可 | F79: 524 | G79: 10 | H79: 一括フィルタリング② | J79: =VLOOKUP(G79,'[1]8_取引マスタ'!$A$3:$G$91,2,FALSE) -> 未判定照会 | L79: INSERT INTO | M79: MST_AUTH_TBL | N79: VALUES( | O79: =F79&" , "&G79&" , "&"'"&H79&"'" -> 524 , 10 , '一括フィルタリング②' | P79: ); | R79: =IF(F79="","",EXACT(F79,V79)) -> FALSE | S79: =IF(G79="","",EXACT(G79,W79)) -> FALSE | T79: =IF(H79="","",EXACT(H79,X79)) -> FALSE
E80: 可 | F80: 525 | G80: 11 | H80: 一括フィルタリング② | J80: =VLOOKUP(G80,'[1]8_取引マスタ'!$A$3:$G$91,2,FALSE) -> 判定済照会 | L80: INSERT INTO | M80: MST_AUTH_TBL | N80: VALUES( | O80: =F80&" , "&G80&" , "&"'"&H80&"'" -> 525 , 11 , '一括フィルタリング②' | P80: ); | R80: =IF(F80="","",EXACT(F80,V80)) -> FALSE | S80: =IF(G80="","",EXACT(G80,W80)) -> FALSE | T80: =IF(H80="","",EXACT(H80,X80)) -> FALSE
E81: 可 | F81: 526 | G81: 27 | H81: 一括フィルタリング② | J81: =VLOOKUP(G81,'[1]8_取引マスタ'!$A$3:$G$91,2,FALSE) -> 検索対象者一覧アップロード | L81: INSERT INTO | M81: MST_AUTH_TBL | N81: VALUES( | O81: =F81&" , "&G81&" , "&"'"&H81&"'" -> 526 , 27 , '一括フィルタリング②' | P81: ); | R81: =IF(F81="","",EXACT(F81,V81)) -> FALSE | S81: =IF(G81="","",EXACT(G81,W81)) -> FALSE | T81: =IF(H81="","",EXACT(H81,X81)) -> FALSE
E82: 可 | F82: 527 | G82: 10 | H82: 一括フィルタリング③ | J82: =VLOOKUP(G82,'[1]8_取引マスタ'!$A$3:$G$91,2,FALSE) -> 未判定照会 | L82: INSERT INTO | M82: MST_AUTH_TBL | N82: VALUES( | O82: =F82&" , "&G82&" , "&"'"&H82&"'" -> 527 , 10 , '一括フィルタリング③' | P82: ); | R82: =IF(F82="","",EXACT(F82,V82)) -> FALSE | S82: =IF(G82="","",EXACT(G82,W82)) -> FALSE | T82: =IF(H82="","",EXACT(H82,X82)) -> FALSE
E83: 可 | F83: 528 | G83: 11 | H83: 一括フィルタリング③ | J83: =VLOOKUP(G83,'[1]8_取引マスタ'!$A$3:$G$91,2,FALSE) -> 判定済照会 | L83: INSERT INTO | M83: MST_AUTH_TBL | N83: VALUES( | O83: =F83&" , "&G83&" , "&"'"&H83&"'" -> 528 , 11 , '一括フィルタリング③' | P83: ); | R83: =IF(F83="","",EXACT(F83,V83)) -> FALSE | S83: =IF(G83="","",EXACT(G83,W83)) -> FALSE | T83: =IF(H83="","",EXACT(H83,X83)) -> FALSE
E84: 可 | F84: 529 | G84: 27 | H84: 一括フィルタリング③ | J84: =VLOOKUP(G84,'[1]8_取引マスタ'!$A$3:$G$91,2,FALSE) -> 検索対象者一覧アップロード | L84: INSERT INTO | M84: MST_AUTH_TBL | N84: VALUES( | O84: =F84&" , "&G84&" , "&"'"&H84&"'" -> 529 , 27 , '一括フィルタリング③' | P84: ); | R84: =IF(F84="","",EXACT(F84,V84)) -> FALSE | S84: =IF(G84="","",EXACT(G84,W84)) -> FALSE | T84: =IF(H84="","",EXACT(H84,X84)) -> FALSE
E85: 可 | F85: 530 | G85: 10 | H85: 一括フィルタリング④ | J85: =VLOOKUP(G85,'[1]8_取引マスタ'!$A$3:$G$91,2,FALSE) -> 未判定照会 | L85: INSERT INTO | M85: MST_AUTH_TBL | N85: VALUES( | O85: =F85&" , "&G85&" , "&"'"&H85&"'" -> 530 , 10 , '一括フィルタリング④' | P85: ); | R85: =IF(F85="","",EXACT(F85,V85)) -> FALSE | S85: =IF(G85="","",EXACT(G85,W85)) -> FALSE | T85: =IF(H85="","",EXACT(H85,X85)) -> FALSE
E86: 可 | F86: 531 | G86: 11 | H86: 一括フィルタリング④ | J86: =VLOOKUP(G86,'[1]8_取引マスタ'!$A$3:$G$91,2,FALSE) -> 判定済照会 | L86: INSERT INTO | M86: MST_AUTH_TBL | N86: VALUES( | O86: =F86&" , "&G86&" , "&"'"&H86&"'" -> 531 , 11 , '一括フィルタリング④' | P86: ); | R86: =IF(F86="","",EXACT(F86,V86)) -> FALSE | S86: =IF(G86="","",EXACT(G86,W86)) -> FALSE | T86: =IF(H86="","",EXACT(H86,X86)) -> FALSE
E87: 可 | F87: 532 | G87: 27 | H87: 一括フィルタリング④ | J87: =VLOOKUP(G87,'[1]8_取引マスタ'!$A$3:$G$91,2,FALSE) -> 検索対象者一覧アップロード | L87: INSERT INTO | M87: MST_AUTH_TBL | N87: VALUES( | O87: =F87&" , "&G87&" , "&"'"&H87&"'" -> 532 , 27 , '一括フィルタリング④' | P87: ); | R87: =IF(F87="","",EXACT(F87,V87)) -> FALSE | S87: =IF(G87="","",EXACT(G87,W87)) -> FALSE | T87: =IF(H87="","",EXACT(H87,X87)) -> FALSE
E88: 可 | F88: 533 | G88: 10 | H88: 一括フィルタリング⑤ | J88: =VLOOKUP(G88,'[1]8_取引マスタ'!$A$3:$G$91,2,FALSE) -> 未判定照会 | L88: INSERT INTO | M88: MST_AUTH_TBL | N88: VALUES( | O88: =F88&" , "&G88&" , "&"'"&H88&"'" -> 533 , 10 , '一括フィルタリング⑤' | P88: ); | R88: =IF(F88="","",EXACT(F88,V88)) -> FALSE | S88: =IF(G88="","",EXACT(G88,W88)) -> FALSE | T88: =IF(H88="","",EXACT(H88,X88)) -> FALSE
E89: 可 | F89: 534 | G89: 11 | H89: 一括フィルタリング⑤ | J89: =VLOOKUP(G89,'[1]8_取引マスタ'!$A$3:$G$91,2,FALSE) -> 判定済照会 | L89: INSERT INTO | M89: MST_AUTH_TBL | N89: VALUES( | O89: =F89&" , "&G89&" , "&"'"&H89&"'" -> 534 , 11 , '一括フィルタリング⑤' | P89: ); | R89: =IF(F89="","",EXACT(F89,V89)) -> FALSE | S89: =IF(G89="","",EXACT(G89,W89)) -> FALSE | T89: =IF(H89="","",EXACT(H89,X89)) -> FALSE
E90: 可 | F90: 535 | G90: 27 | H90: 一括フィルタリング⑤ | J90: =VLOOKUP(G90,'[1]8_取引マスタ'!$A$3:$G$91,2,FALSE) -> 検索対象者一覧アップロード | L90: INSERT INTO | M90: MST_AUTH_TBL | N90: VALUES( | O90: =F90&" , "&G90&" , "&"'"&H90&"'" -> 535 , 27 , '一括フィルタリング⑤' | P90: ); | R90: =IF(F90="","",EXACT(F90,V90)) -> FALSE | S90: =IF(G90="","",EXACT(G90,W90)) -> FALSE | T90: =IF(H90="","",EXACT(H90,X90)) -> FALSE
... E123: 可 | F123: 568 | G123: 27 | H123: LF・DM送付先一覧 | J123: =VLOOKUP(G123,'[1]8_取引マスタ'!$A$3:$G$91,2,FALSE) -> 検索対象者一覧アップロード | L123: INSERT INTO | M123: MST_AUTH_TBL | N123: VALUES( | O123: =F123&" , "&G123&" , "&"'"&H123&"'" -> 568 , 27 , 'LF・DM送付先一覧' | P123: ); | R123: =IF(F123="","",EXACT(F123,V123)) -> FALSE | S123: =IF(G123="","",EXACT(G123,W123)) -> FALSE | T123: =IF(H123="","",EXACT(H123,X123)) -> FALSE

Sheet 11_プロファイル設定
A1: パッケージ標準 | D1: 一覧へ | E1: ='[1]1_プロファイルマスタ'!$H$1 -> 横浜銀行様用出荷設定 | G1: プロファイル名 | H1: 実行権限名 | I1: プロファイル名 | J1: 実行権限名 | K1: SQL
A2: PRF_ID | B2: EXEC_AUTH_ID | C2: 構築資材 | D2: 変更可否 | E2: PRF_ID | F2: EXEC_AUTH_ID | G2: 数式 | H2: 数式 | I2: 数式 | J2: 数式 | K2: 固定 | L2: 固定 | M2: 固定 | N2: 数式 | O2: 固定 | Q2: PRF_ID | R2: EXEC_AUTH_ID
A3: 1 | B3: 1 | C3: 〇 | D3: 不可 | E3: 1 | F3: 1 | G3: =VLOOKUP(A3,'[3]1_プロファイルマスタ'!$A$3:$L$90,3,FALSE) -> セキュリティ管理者 | H3: =VLOOKUP(B3,'[3]10_実行権限マスタ'!$A$3:$C$219,3,FALSE) -> パスワード変更 | I3: =VLOOKUP(E3,'[3]1_プロファイルマスタ'!$H$3:$L$90,3,FALSE) -> セキュリティ管理者 | J3: =VLOOKUP(F3,'[3]10_実行権限マスタ'!$F$3:$H$219,3,FALSE) -> パスワード変更 | K3: INSERT INTO | L3: CNF_PRF_TBL | M3: VALUES( | N3: =E3&" , "&F3 -> 1 , 1 | O3: ); | Q3: =IF(E3="","",EXACT(E3,T3)) -> FALSE | R3: =IF(F3="","",EXACT(F3,U3)) -> FALSE
A4: 1 | B4: 2 | C4: 〇 | D4: 不可 | E4: 1 | F4: 2 | G4: =VLOOKUP(A4,'[3]1_プロファイルマスタ'!$A$3:$L$90,3,FALSE) -> セキュリティ管理者 | H4: =VLOOKUP(B4,'[3]10_実行権限マスタ'!$A$3:$C$219,3,FALSE) -> ユーザ管理 | I4: =VLOOKUP(E4,'[3]1_プロファイルマスタ'!$H$3:$L$90,3,FALSE) -> セキュリティ管理者 | J4: =VLOOKUP(F4,'[3]10_実行権限マスタ'!$F$3:$H$219,3,FALSE) -> ユーザ管理 | K4: INSERT INTO | L4: CNF_PRF_TBL | M4: VALUES( | N4: =E4&" , "&F4 -> 1 , 2 | O4: ); | Q4: =IF(E4="","",EXACT(E4,T4)) -> FALSE | R4: =IF(F4="","",EXACT(F4,U4)) -> FALSE
A5: 1 | B5: 10 | C5: 〇 | D5: 不可 | E5: 1 | F5: 10 | G5: =VLOOKUP(A5,'[3]1_プロファイルマスタ'!$A$3:$L$90,3,FALSE) -> セキュリティ管理者 | H5: =VLOOKUP(B5,'[3]10_実行権限マスタ'!$A$3:$C$219,3,FALSE) -> 操作ログ照会 | I5: =VLOOKUP(E5,'[3]1_プロファイルマスタ'!$H$3:$L$90,3,FALSE) -> セキュリティ管理者 | J5: =VLOOKUP(F5,'[3]10_実行権限マスタ'!$F$3:$H$219,3,FALSE) -> 操作ログ照会 | K5: INSERT INTO | L5: CNF_PRF_TBL | M5: VALUES( | N5: =E5&" , "&F5 -> 1 , 10 | O5: ); | Q5: =IF(E5="","",EXACT(E5,T5)) -> FALSE | R5: =IF(F5="","",EXACT(F5,U5)) -> FALSE
A6: 2 | B6: 1 | C6: 〇 | D6: 可 | E6: 2 | F6: 1 | G6: =VLOOKUP(A6,'[3]1_プロファイルマスタ'!$A$3:$L$90,3,FALSE) -> 管理者(全店) | H6: =VLOOKUP(B6,'[3]10_実行権限マスタ'!$A$3:$C$219,3,FALSE) -> パスワード変更 | I6: =VLOOKUP(E6,'[3]1_プロファイルマスタ'!$H$3:$L$90,3,FALSE) -> リスク管理部門（役席） | J6: =VLOOKUP(F6,'[3]10_実行権限マスタ'!$F$3:$H$219,3,FALSE) -> パスワード変更 | K6: INSERT INTO | L6: CNF_PRF_TBL | M6: VALUES( | N6: =E6&" , "&F6 -> 2 , 1 | O6: ); | Q6: =IF(E6="","",EXACT(E6,T6)) -> FALSE | R6: =IF(F6="","",EXACT(F6,U6)) -> FALSE
A7: 2 | B7: 2 | C7: 〇 | D7: 可 | E7: 2 | F7: 2 | G7: =VLOOKUP(A7,'[3]1_プロファイルマスタ'!$A$3:$L$90,3,FALSE) -> 管理者(全店) | H7: =VLOOKUP(B7,'[3]10_実行権限マスタ'!$A$3:$C$219,3,FALSE) -> ユーザ管理 | I7: =VLOOKUP(E7,'[3]1_プロファイルマスタ'!$H$3:$L$90,3,FALSE) -> リスク管理部門（役席） | J7: =VLOOKUP(F7,'[3]10_実行権限マスタ'!$F$3:$H$219,3,FALSE) -> ユーザ管理 | K7: INSERT INTO | L7: CNF_PRF_TBL | M7: VALUES( | N7: =E7&" , "&F7 -> 2 , 2 | O7: ); | Q7: =IF(E7="","",EXACT(E7,T7)) -> FALSE | R7: =IF(F7="","",EXACT(F7,U7)) -> FALSE
A8: 2 | B8: 3 | C8: 〇 | D8: 可 | E8: 2 | F8: 3 | G8: =VLOOKUP(A8,'[3]1_プロファイルマスタ'!$A$3:$L$90,3,FALSE) -> 管理者(全店) | H8: =VLOOKUP(B8,'[3]10_実行権限マスタ'!$A$3:$C$219,3,FALSE) -> 本人確認 | I8: =VLOOKUP(E8,'[3]1_プロファイルマスタ'!$H$3:$L$90,3,FALSE) -> リスク管理部門（役席） | J8: =VLOOKUP(F8,'[3]10_実行権限マスタ'!$F$3:$H$219,3,FALSE) -> 本人確認 | K8: INSERT INTO | L8: CNF_PRF_TBL | M8: VALUES( | N8: =E8&" , "&F8 -> 2 , 3 | O8: ); | Q8: =IF(E8="","",EXACT(E8,T8)) -> FALSE | R8: =IF(F8="","",EXACT(F8,U8)) -> FALSE
A9: 2 | B9: 4 | C9: 〇 | D9: 可 | E9: 2 | F9: 4 | G9: =VLOOKUP(A9,'[3]1_プロファイルマスタ'!$A$3:$L$90,3,FALSE) -> 管理者(全店) | H9: =VLOOKUP(B9,'[3]10_実行権限マスタ'!$A$3:$C$219,3,FALSE) -> 本人確認機密 | I9: =VLOOKUP(E9,'[3]1_プロファイルマスタ'!$H$3:$L$90,3,FALSE) -> リスク管理部門（役席） | J9: =VLOOKUP(F9,'[3]10_実行権限マスタ'!$F$3:$H$219,3,FALSE) -> 本人確認機密 | K9: INSERT INTO | L9: CNF_PRF_TBL | M9: VALUES( | N9: =E9&" , "&F9 -> 2 , 4 | O9: ); | Q9: =IF(E9="","",EXACT(E9,T9)) -> FALSE | R9: =IF(F9="","",EXACT(F9,U9)) -> FALSE
A10: 2 | B10: 5 | C10: 〇 | D10: 可 | E10: 2 | F10: 5 | G10: =VLOOKUP(A10,'[3]1_プロファイルマスタ'!$A$3:$L$90,3,FALSE) -> 管理者(全店) | H10: =VLOOKUP(B10,'[3]10_実行権限マスタ'!$A$3:$C$219,3,FALSE) -> 本人確認仕掛照会 | I10: =VLOOKUP(E10,'[3]1_プロファイルマスタ'!$H$3:$L$90,3,FALSE) -> リスク管理部門（役席） | J10: =VLOOKUP(F10,'[3]10_実行権限マスタ'!$F$3:$H$219,3,FALSE) -> 本人確認仕掛照会 | K10: INSERT INTO | L10: CNF_PRF_TBL | M10: VALUES( | N10: =E10&" , "&F10 -> 2 , 5 | O10: ); | Q10: =IF(E10="","",EXACT(E10,T10)) -> FALSE | R10: =IF(F10="","",EXACT(F10,U10)) -> FALSE
A11: 2 | B11: 6 | C11: 〇 | D11: 可 | E11: 2 | F11: 6 | G11: =VLOOKUP(A11,'[3]1_プロファイルマスタ'!$A$3:$L$90,3,FALSE) -> 管理者(全店) | H11: =VLOOKUP(B11,'[3]10_実行権限マスタ'!$A$3:$C$219,3,FALSE) -> 本人確認仕掛照会機密 | I11: =VLOOKUP(E11,'[3]1_プロファイルマスタ'!$H$3:$L$90,3,FALSE) -> リスク管理部門（役席） | J11: =VLOOKUP(F11,'[3]10_実行権限マスタ'!$F$3:$H$219,3,FALSE) -> 本人確認仕掛照会機密 | K11: INSERT INTO | L11: CNF_PRF_TBL | M11: VALUES( | N11: =E11&" , "&F11 -> 2 , 6 | O11: ); | Q11: =IF(E11="","",EXACT(E11,T11)) -> FALSE | R11: =IF(F11="","",EXACT(F11,U11)) -> FALSE
A12: 2 | B12: 7 | C12: 〇 | D12: 可 | E12: 2 | F12: 7 | G12: =VLOOKUP(A12,'[3]1_プロファイルマスタ'!$A$3:$L$90,3,FALSE) -> 管理者(全店) | H12: =VLOOKUP(B12,'[3]10_実行権限マスタ'!$A$3:$C$219,3,FALSE) -> 判定履歴照会 | I12: =VLOOKUP(E12,'[3]1_プロファイルマスタ'!$H$3:$L$90,3,FALSE) -> リスク管理部門（役席） | J12: =VLOOKUP(F12,'[3]10_実行権限マスタ'!$F$3:$H$219,3,FALSE) -> 判定履歴照会 | K12: INSERT INTO | L12: CNF_PRF_TBL | M12: VALUES( | N12: =E12&" , "&F12 -> 2 , 7 | O12: ); | Q12: =IF(E12="","",EXACT(E12,T12)) -> FALSE | R12: =IF(F12="","",EXACT(F12,U12)) -> FALSE
A13: 2 | B13: 8 | C13: 〇 | D13: 可 | E13: 2 | F13: 8 | G13: =VLOOKUP(A13,'[3]1_プロファイルマスタ'!$A$3:$L$90,3,FALSE) -> 管理者(全店) | H13: =VLOOKUP(B13,'[3]10_実行権限マスタ'!$A$3:$C$219,3,FALSE) -> 判定履歴照会機密 | I13: =VLOOKUP(E13,'[3]1_プロファイルマスタ'!$H$3:$L$90,3,FALSE) -> リスク管理部門（役席） | J13: =VLOOKUP(F13,'[3]10_実行権限マスタ'!$F$3:$H$219,3,FALSE) -> 判定履歴照会機密 | K13: INSERT INTO | L13: CNF_PRF_TBL | M13: VALUES( | N13: =E13&" , "&F13 -> 2 , 8 | O13: ); | Q13: =IF(E13="","",EXACT(E13,T13)) -> FALSE | R13: =IF(F13="","",EXACT(F13,U13)) -> FALSE
A14: 2 | B14: 9 | C14: 〇 | D14: 可 | E14: 2 | F14: 9 | G14: =VLOOKUP(A14,'[3]1_プロファイルマスタ'!$A$3:$L$90,3,FALSE) -> 管理者(全店) | H14: =VLOOKUP(B14,'[3]10_実行権限マスタ'!$A$3:$C$219,3,FALSE) -> 判定履歴照会全拠点 | I14: =VLOOKUP(E14,'[3]1_プロファイルマスタ'!$H$3:$L$90,3,FALSE) -> リスク管理部門（役席） | J14: =VLOOKUP(F14,'[3]10_実行権限マスタ'!$F$3:$H$219,3,FALSE) -> 判定履歴照会全拠点 | K14: INSERT INTO | L14: CNF_PRF_TBL | M14: VALUES( | N14: =E14&" , "&F14 -> 2 , 9 | O14: ); | Q14: =IF(E14="","",EXACT(E14,T14)) -> FALSE | R14: =IF(F14="","",EXACT(F14,U14)) -> FALSE
... A148: 7 | B148: 46 | C148: 〇 | D148: 可 | E148: 4 | F148: 30 | G148: =VLOOKUP(A148,'[3]1_プロファイルマスタ'!$A$3:$L$90,3,FALSE) -> シミュレーション担当者 | H148: =VLOOKUP(B148,'[3]10_実行権限マスタ'!$A$3:$C$219,3,FALSE) -> シミュレーションフィルタリング結果確認CSV出力制限 | I148: =VLOOKUP(E148,'[3]1_プロファイルマスタ'!$H$3:$L$90,3,FALSE) -> その他部門（役席） | J148: =VLOOKUP(F148,'[3]10_実行権限マスタ'!$F$3:$H$219,3,FALSE) -> 判定済照会（連動）全拠点 | K148: INSERT INTO | L148: CNF_PRF_TBL | M148: VALUES( | N148: =E148&" , "&F148 -> 4 , 30 | O148: ); | Q148: =IF(E148="","",EXACT(E148,T148)) -> FALSE | R148: =IF(F148="","",EXACT(F148,U148)) -> FALSE
E149: 4 | F149: 49 | I149: =VLOOKUP(E149,'[3]1_プロファイルマスタ'!$H$3:$L$90,3,FALSE) -> その他部門（役席） | J149: =VLOOKUP(F149,'[3]10_実行権限マスタ'!$F$3:$H$219,3,FALSE) -> 登録済リスト参照 | K149: INSERT INTO | L149: CNF_PRF_TBL | M149: VALUES( | N149: =E149&" , "&F149 -> 4 , 49 | O149: ); | Q149: =IF(E149="","",EXACT(E149,T149)) -> FALSE | R149: =IF(F149="","",EXACT(F149,U149)) -> FALSE
E150: 4 | F150: 51 | I150: =VLOOKUP(E150,'[3]1_プロファイルマスタ'!$H$3:$L$90,3,FALSE) -> その他部門（役席） | J150: =VLOOKUP(F150,'[3]10_実行権限マスタ'!$F$3:$H$219,3,FALSE) -> リストアップロード | K150: INSERT INTO | L150: CNF_PRF_TBL | M150: VALUES( | N150: =E150&" , "&F150 -> 4 , 51 | O150: ); | Q150: =IF(E150="","",EXACT(E150,T150)) -> FALSE | R150: =IF(F150="","",EXACT(F150,U150)) -> FALSE
E151: 4 | F151: 52 | I151: =VLOOKUP(E151,'[3]1_プロファイルマスタ'!$H$3:$L$90,3,FALSE) -> その他部門（役席） | J151: =VLOOKUP(F151,'[3]10_実行権限マスタ'!$F$3:$H$219,3,FALSE) -> ホワイトリスト登録 | K151: INSERT INTO | L151: CNF_PRF_TBL | M151: VALUES( | N151: =E151&" , "&F151 -> 4 , 52 | O151: ); | Q151: =IF(E151="","",EXACT(E151,T151)) -> FALSE | R151: =IF(F151="","",EXACT(F151,U151)) -> FALSE
E152: 4 | F152: 501 | I152: =VLOOKUP(E152,'[3]1_プロファイルマスタ'!$H$3:$L$90,3,FALSE) -> その他部門（役席） | J152: =VLOOKUP(F152,'[3]10_実行権限マスタ'!$F$3:$H$219,3,FALSE) -> 全量CIFファイル | K152: INSERT INTO | L152: CNF_PRF_TBL | M152: VALUES( | N152: =E152&" , "&F152 -> 4 , 501 | O152: ); | Q152: =IF(E152="","",EXACT(E152,T152)) -> FALSE | R152: =IF(F152="","",EXACT(F152,U152)) -> FALSE
E153: 4 | F153: 502 | I153: =VLOOKUP(E153,'[3]1_プロファイルマスタ'!$H$3:$L$90,3,FALSE) -> その他部門（役席） | J153: =VLOOKUP(F153,'[3]10_実行権限マスタ'!$F$3:$H$219,3,FALSE) -> 全量CIFファイル | K153: INSERT INTO | L153: CNF_PRF_TBL | M153: VALUES( | N153: =E153&" , "&F153 -> 4 , 502 | O153: ); | Q153: =IF(E153="","",EXACT(E153,T153)) -> FALSE | R153: =IF(F153="","",EXACT(F153,U153)) -> FALSE
E154: 4 | F154: 511 | I154: =VLOOKUP(E154,'[3]1_プロファイルマスタ'!$H$3:$L$90,3,FALSE) -> その他部門（役席） | J154: =VLOOKUP(F154,'[3]10_実行権限マスタ'!$F$3:$H$219,3,FALSE) -> 差分CIFファイル | K154: INSERT INTO | L154: CNF_PRF_TBL | M154: VALUES( | N154: =E154&" , "&F154 -> 4 , 511 | O154: ); | Q154: =IF(E154="","",EXACT(E154,T154)) -> FALSE | R154: =IF(F154="","",EXACT(F154,U154)) -> FALSE
E155: 4 | F155: 512 | I155: =VLOOKUP(E155,'[3]1_プロファイルマスタ'!$H$3:$L$90,3,FALSE) -> その他部門（役席） | J155: =VLOOKUP(F155,'[3]10_実行権限マスタ'!$F$3:$H$219,3,FALSE) -> 差分CIFファイル | K155: INSERT INTO | L155: CNF_PRF_TBL | M155: VALUES( | N155: =E155&" , "&F155 -> 4 , 512 | O155: ); | Q155: =IF(E155="","",EXACT(E155,T155)) -> FALSE | R155: =IF(F155="","",EXACT(F155,U155)) -> FALSE
E156: 4 | F156: 521 | I156: =VLOOKUP(E156,'[3]1_プロファイルマスタ'!$H$3:$L$90,3,FALSE) -> その他部門（役席） | J156: =VLOOKUP(F156,'[3]10_実行権限マスタ'!$F$3:$H$219,3,FALSE) -> 一括フィルタリング① | K156: INSERT INTO | L156: CNF_PRF_TBL | M156: VALUES( | N156: =E156&" , "&F156 -> 4 , 521 | O156: ); | Q156: =IF(E156="","",EXACT(E156,T156)) -> FALSE | R156: =IF(F156="","",EXACT(F156,U156)) -> FALSE
E157: 4 | F157: 522 | I157: =VLOOKUP(E157,'[3]1_プロファイルマスタ'!$H$3:$L$90,3,FALSE) -> その他部門（役席） | J157: =VLOOKUP(F157,'[3]10_実行権限マスタ'!$F$3:$H$219,3,FALSE) -> 一括フィルタリング① | K157: INSERT INTO | L157: CNF_PRF_TBL | M157: VALUES( | N157: =E157&" , "&F157 -> 4 , 522 | O157: ); | Q157: =IF(E157="","",EXACT(E157,T157)) -> FALSE | R157: =IF(F157="","",EXACT(F157,U157)) -> FALSE
E158: 4 | F158: 524 | I158: =VLOOKUP(E158,'[3]1_プロファイルマスタ'!$H$3:$L$90,3,FALSE) -> その他部門（役席） | J158: =VLOOKUP(F158,'[3]10_実行権限マスタ'!$F$3:$H$219,3,FALSE) -> 一括フィルタリング② | K158: INSERT INTO | L158: CNF_PRF_TBL | M158: VALUES( | N158: =E158&" , "&F158 -> 4 , 524 | O158: ); | Q158: =IF(E158="","",EXACT(E158,T158)) -> FALSE | R158: =IF(F158="","",EXACT(F158,U158)) -> FALSE
E159: 4 | F159: 525 | I159: =VLOOKUP(E159,'[3]1_プロファイルマスタ'!$H$3:$L$90,3,FALSE) -> その他部門（役席） | J159: =VLOOKUP(F159,'[3]10_実行権限マスタ'!$F$3:$H$219,3,FALSE) -> 一括フィルタリング② | K159: INSERT INTO | L159: CNF_PRF_TBL | M159: VALUES( | N159: =E159&" , "&F159 -> 4 , 525 | O159: ); | Q159: =IF(E159="","",EXACT(E159,T159)) -> FALSE | R159: =IF(F159="","",EXACT(F159,U159)) -> FALSE
E160: 4 | F160: 527 | I160: =VLOOKUP(E160,'[3]1_プロファイルマスタ'!$H$3:$L$90,3,FALSE) -> その他部門（役席） | J160: =VLOOKUP(F160,'[3]10_実行権限マスタ'!$F$3:$H$219,3,FALSE) -> 一括フィルタリング③ | K160: INSERT INTO | L160: CNF_PRF_TBL | M160: VALUES( | N160: =E160&" , "&F160 -> 4 , 527 | O160: ); | Q160: =IF(E160="","",EXACT(E160,T160)) -> FALSE | R160: =IF(F160="","",EXACT(F160,U160)) -> FALSE
... E424: 5 | F424: 567 | I424: =VLOOKUP(E424,'[3]1_プロファイルマスタ'!$H$3:$L$90,3,FALSE) -> その他部門（担当） | J424: =VLOOKUP(F424,'[3]10_実行権限マスタ'!$F$3:$H$219,3,FALSE) -> LF・DM送付先一覧 | K424: INSERT INTO | L424: CNF_PRF_TBL | M424: VALUES( | N424: =E424&" , "&F424 -> 5 , 567 | O424: ); | Q424: =IF(E424="","",EXACT(E424,T424)) -> FALSE | R424: =IF(F424="","",EXACT(F424,U424)) -> FALSE
E425: 11 | F425: 1003 | I425: =VLOOKUP(E425,'[3]1_プロファイルマスタ'!$H$3:$L$90,3,FALSE) | J425: =VLOOKUP(F425,'[3]10_実行権限マスタ'!$F$3:$H$219,3,FALSE) | K425: INSERT INTO | L425: CNF_PRF_TBL | M425: VALUES( | N425: =E425&" , "&F425 | O425: ); | Q425: =IF(E425="","",EXACT(E425,T425)) | R425: =IF(E425="","",EXACT(E425,T425))

Sheet 12_ファイル属性管理
A1: パッケージ標準 | H1: 一覧へ | I1: ='[1]1_プロファイルマスタ'!$H$1 -> 横浜銀行様用出荷設定 | P1: SQL
A2: FILE_ATTR | B2: PAST_APPLY_TYPE | C2: DISP_NAME | D2: FORCE_PAST_FLAG | E2: CIF_SPLIT_FLG | F2: CIF_PREFIX | G2: 構築資材 | H2: 変更可否 | I2: FILE_ATTR | J2: PAST_APPLY_TYPE | K2: DISP_NAME | L2: FORCE_PAST_FLAG | M2: CIF_SPLIT_FLG | N2: CIF_PREFIX | P2: 固定 | Q2: 固定 | R2: 固定 | S2: 数式 | T2: 固定 | V2: FILE_ATTR | W2: PAST_APPLY_TYPE | X2: DISP_NAME | Y2: FORCE_PAST_FLAG | Z2: CIF_SPLIT_FLG | AA2: CIF_PREFIX
A3: B | B3: Y | C3: 全量CIFファイル | D3: Y | E3: N | G3: 〇 | H3: 可 | I3: B | J3: Y | K3: 全量CIFファイル | L3: Y | M3: N | P3: INSERT INTO | Q3: FILE_ATTR_TBL | R3: VALUES( | S3: ="'"&I3&"'"&" , "&"'"&J3&"'"&" , "&"'"&K3&"'"&" , "&"'"&L3&"'" &", "&"'"&M3&"'"&","&"'"&N3&"'" -> 'B' , 'Y' , '全量CIFファイル' , 'Y', 'N','' | T3: ); | V3: =IF(I3="","",EXACT(I3,AC3)) -> FALSE | W3: =IF(J3="","",EXACT(J3,AD3)) -> FALSE | X3: =IF(K3="","",EXACT(K3,AE3)) -> FALSE | Y3: =IF(L3="","",EXACT(L3,AF3)) -> FALSE | Z3: =IF(M3="","",EXACT(M3,AG3)) -> FALSE | AA3: =IF(N3="","",EXACT(N3,AH3))
A4: C | B4: Y | C4: 差分CIFファイル | D4: Y | E4: N | G4: 〇 | H4: 可 | I4: C | J4: Y | K4: 差分CIFファイル | L4: Y | M4: N | P4: INSERT INTO | Q4: FILE_ATTR_TBL | R4: VALUES( | S4: ="'"&I4&"'"&" , "&"'"&J4&"'"&" , "&"'"&K4&"'"&" , "&"'"&L4&"'" &", "&"'"&M4&"'"&","&"'"&N4&"'" -> 'C' , 'Y' , '差分CIFファイル' , 'Y', 'N','' | T4: ); | V4: =IF(I4="","",EXACT(I4,AC4)) -> FALSE | W4: =IF(J4="","",EXACT(J4,AD4)) -> FALSE | X4: =IF(K4="","",EXACT(K4,AE4)) -> FALSE | Y4: =IF(L4="","",EXACT(L4,AF4)) -> FALSE | Z4: =IF(M4="","",EXACT(M4,AG4)) -> FALSE | AA4: =IF(N4="","",EXACT(N4,AH4))
A5: D | B5: N | C5: 検索対象者一覧ファイル | D5: N | E5: N | F5: CIFUP | G5: 〇 | H5: 可 | I5: E | J5: N | K5: 一括フィルタリング① | L5: N | M5: N | N5: CIFUP | P5: INSERT INTO | Q5: FILE_ATTR_TBL | R5: VALUES( | S5: ="'"&I5&"'"&" , "&"'"&J5&"'"&" , "&"'"&K5&"'"&" , "&"'"&L5&"'" &", "&"'"&M5&"'"&","&"'"&N5&"'" -> 'E' , 'N' , '一括フィルタリング①' , 'N', 'N','CIFUP' | T5: ); | V5: =IF(I5="","",EXACT(I5,AC5)) -> FALSE | W5: =IF(J5="","",EXACT(J5,AD5)) -> FALSE | X5: =IF(K5="","",EXACT(K5,AE5)) -> FALSE | Y5: =IF(L5="","",EXACT(L5,AF5)) -> FALSE | Z5: =IF(M5="","",EXACT(M5,AG5)) -> FALSE | AA5: =IF(N5="","",EXACT(N5,AH5)) -> FALSE
H6: 可 | I6: F | J6: N | K6: 一括フィルタリング② | L6: N | M6: N | N6: CIFUP | P6: INSERT INTO | Q6: FILE_ATTR_TBL | R6: VALUES( | S6: ="'"&I6&"'"&" , "&"'"&J6&"'"&" , "&"'"&K6&"'"&" , "&"'"&L6&"'" &", "&"'"&M6&"'"&","&"'"&N6&"'" -> 'F' , 'N' , '一括フィルタリング②' , 'N', 'N','CIFUP' | T6: ); | V6: =IF(I6="","",EXACT(I6,AC6)) -> FALSE | W6: =IF(J6="","",EXACT(J6,AD6)) -> FALSE | X6: =IF(K6="","",EXACT(K6,AE6)) -> FALSE | Y6: =IF(L6="","",EXACT(L6,AF6)) -> FALSE | Z6: =IF(M6="","",EXACT(M6,AG6)) -> FALSE | AA6: =IF(N6="","",EXACT(N6,AH6)) -> FALSE
H7: 可 | I7: G | J7: N | K7: 一括フィルタリング③ | L7: N | M7: N | N7: CIFUP | P7: INSERT INTO | Q7: FILE_ATTR_TBL | R7: VALUES( | S7: ="'"&I7&"'"&" , "&"'"&J7&"'"&" , "&"'"&K7&"'"&" , "&"'"&L7&"'" &", "&"'"&M7&"'"&","&"'"&N7&"'" -> 'G' , 'N' , '一括フィルタリング③' , 'N', 'N','CIFUP' | T7: ); | V7: =IF(I7="","",EXACT(I7,AC7)) -> FALSE | W7: =IF(J7="","",EXACT(J7,AD7)) -> FALSE | X7: =IF(K7="","",EXACT(K7,AE7)) -> FALSE | Y7: =IF(L7="","",EXACT(L7,AF7)) -> FALSE | Z7: =IF(M7="","",EXACT(M7,AG7)) -> FALSE | AA7: =IF(N7="","",EXACT(N7,AH7)) -> FALSE
H8: 可 | I8: H | J8: N | K8: 一括フィルタリング④ | L8: N | M8: N | N8: CIFUP | P8: INSERT INTO | Q8: FILE_ATTR_TBL | R8: VALUES( | S8: ="'"&I8&"'"&" , "&"'"&J8&"'"&" , "&"'"&K8&"'"&" , "&"'"&L8&"'" &", "&"'"&M8&"'"&","&"'"&N8&"'" -> 'H' , 'N' , '一括フィルタリング④' , 'N', 'N','CIFUP' | T8: ); | V8: =IF(I8="","",EXACT(I8,AC8)) -> FALSE | W8: =IF(J8="","",EXACT(J8,AD8)) -> FALSE | X8: =IF(K8="","",EXACT(K8,AE8)) -> FALSE | Y8: =IF(L8="","",EXACT(L8,AF8)) -> FALSE | Z8: =IF(M8="","",EXACT(M8,AG8)) -> FALSE | AA8: =IF(N8="","",EXACT(N8,AH8)) -> FALSE
H9: 可 | I9: I | J9: N | K9: 一括フィルタリング⑤ | L9: N | M9: N | N9: CIFUP | P9: INSERT INTO | Q9: FILE_ATTR_TBL | R9: VALUES( | S9: ="'"&I9&"'"&" , "&"'"&J9&"'"&" , "&"'"&K9&"'"&" , "&"'"&L9&"'" &", "&"'"&M9&"'"&","&"'"&N9&"'" -> 'I' , 'N' , '一括フィルタリング⑤' , 'N', 'N','CIFUP' | T9: ); | V9: =IF(I9="","",EXACT(I9,AC9)) -> FALSE | W9: =IF(J9="","",EXACT(J9,AD9)) -> FALSE | X9: =IF(K9="","",EXACT(K9,AE9)) -> FALSE | Y9: =IF(L9="","",EXACT(L9,AF9)) -> FALSE | Z9: =IF(M9="","",EXACT(M9,AG9)) -> FALSE | AA9: =IF(N9="","",EXACT(N9,AH9)) -> FALSE
H10: 可 | I10: J | J10: N | K10: 一括フィルタリング⑥ | L10: N | M10: N | N10: CIFUP | P10: INSERT INTO | Q10: FILE_ATTR_TBL | R10: VALUES( | S10: ="'"&I10&"'"&" , "&"'"&J10&"'"&" , "&"'"&K10&"'"&" , "&"'"&L10&"'" &", "&"'"&M10&"'"&","&"'"&N10&"'" -> 'J' , 'N' , '一括フィルタリング⑥' , 'N', 'N','CIFUP' | T10: ); | V10: =IF(I10="","",EXACT(I10,AC10)) -> FALSE | W10: =IF(J10="","",EXACT(J10,AD10)) -> FALSE | X10: =IF(K10="","",EXACT(K10,AE10)) -> FALSE | Y10: =IF(L10="","",EXACT(L10,AF10)) -> FALSE | Z10: =IF(M10="","",EXACT(M10,AG10)) -> FALSE | AA10: =IF(N10="","",EXACT(N10,AH10)) -> FALSE
H11: 可 | I11: K | J11: N | K11: 一括フィルタリング⑦ | L11: N | M11: N | N11: CIFUP | P11: INSERT INTO | Q11: FILE_ATTR_TBL | R11: VALUES( | S11: ="'"&I11&"'"&" , "&"'"&J11&"'"&" , "&"'"&K11&"'"&" , "&"'"&L11&"'" &", "&"'"&M11&"'"&","&"'"&N11&"'" -> 'K' , 'N' , '一括フィルタリング⑦' , 'N', 'N','CIFUP' | T11: ); | V11: =IF(I11="","",EXACT(I11,AC11)) -> FALSE | W11: =IF(J11="","",EXACT(J11,AD11)) -> FALSE | X11: =IF(K11="","",EXACT(K11,AE11)) -> FALSE | Y11: =IF(L11="","",EXACT(L11,AF11)) -> FALSE | Z11: =IF(M11="","",EXACT(M11,AG11)) -> FALSE | AA11: =IF(N11="","",EXACT(N11,AH11)) -> FALSE
H12: 可 | I12: L | J12: N | K12: 一括フィルタリング⑧ | L12: N | M12: N | N12: CIFUP | P12: INSERT INTO | Q12: FILE_ATTR_TBL | R12: VALUES( | S12: ="'"&I12&"'"&" , "&"'"&J12&"'"&" , "&"'"&K12&"'"&" , "&"'"&L12&"'" &", "&"'"&M12&"'"&","&"'"&N12&"'" -> 'L' , 'N' , '一括フィルタリング⑧' , 'N', 'N','CIFUP' | T12: ); | V12: =IF(I12="","",EXACT(I12,AC12)) -> FALSE | W12: =IF(J12="","",EXACT(J12,AD12)) -> FALSE | X12: =IF(K12="","",EXACT(K12,AE12)) -> FALSE | Y12: =IF(L12="","",EXACT(L12,AF12)) -> FALSE | Z12: =IF(M12="","",EXACT(M12,AG12)) -> FALSE | AA12: =IF(N12="","",EXACT(N12,AH12)) -> FALSE
H13: 可 | I13: M | J13: N | K13: 一括フィルタリング⑨ | L13: N | M13: N | N13: CIFUP | P13: INSERT INTO | Q13: FILE_ATTR_TBL | R13: VALUES( | S13: ="'"&I13&"'"&" , "&"'"&J13&"'"&" , "&"'"&K13&"'"&" , "&"'"&L13&"'" &", "&"'"&M13&"'"&","&"'"&N13&"'" -> 'M' , 'N' , '一括フィルタリング⑨' , 'N', 'N','CIFUP' | T13: ); | V13: =IF(I13="","",EXACT(I13,AC13)) -> FALSE | W13: =IF(J13="","",EXACT(J13,AD13)) -> FALSE | X13: =IF(K13="","",EXACT(K13,AE13)) -> FALSE | Y13: =IF(L13="","",EXACT(L13,AF13)) -> FALSE | Z13: =IF(M13="","",EXACT(M13,AG13)) -> FALSE | AA13: =IF(N13="","",EXACT(N13,AH13)) -> FALSE
H14: 可 | I14: N | J14: N | K14: 一括フィルタリング⑩ | L14: N | M14: N | N14: CIFUP | P14: INSERT INTO | Q14: FILE_ATTR_TBL | R14: VALUES( | S14: ="'"&I14&"'"&" , "&"'"&J14&"'"&" , "&"'"&K14&"'"&" , "&"'"&L14&"'" &", "&"'"&M14&"'"&","&"'"&N14&"'" -> 'N' , 'N' , '一括フィルタリング⑩' , 'N', 'N','CIFUP' | T14: ); | V14: =IF(I14="","",EXACT(I14,AC14)) -> FALSE | W14: =IF(J14="","",EXACT(J14,AD14)) -> FALSE | X14: =IF(K14="","",EXACT(K14,AE14)) -> FALSE | Y14: =IF(L14="","",EXACT(L14,AF14)) -> FALSE | Z14: =IF(M14="","",EXACT(M14,AG14)) -> FALSE | AA14: =IF(N14="","",EXACT(N14,AH14)) -> FALSE
H15: 可 | I15: O | J15: N | K15: LF・LOANS＋ | L15: N | M15: N | N15: CIFUP | P15: INSERT INTO | Q15: FILE_ATTR_TBL | R15: VALUES( | S15: ="'"&I15&"'"&" , "&"'"&J15&"'"&" , "&"'"&K15&"'"&" , "&"'"&L15&"'" &", "&"'"&M15&"'"&","&"'"&N15&"'" -> 'O' , 'N' , 'LF・LOANS＋' , 'N', 'N','CIFUP' | T15: ); | V15: =IF(I15="","",EXACT(I15,AC15)) -> FALSE | W15: =IF(J15="","",EXACT(J15,AD15)) -> FALSE | X15: =IF(K15="","",EXACT(K15,AE15)) -> FALSE | Y15: =IF(L15="","",EXACT(L15,AF15)) -> FALSE | Z15: =IF(M15="","",EXACT(M15,AG15)) -> FALSE | AA15: =IF(N15="","",EXACT(N15,AH15)) -> FALSE
H16: 可 | I16: P | J16: N | K16: LF・OLION | L16: N | M16: N | N16: CIFUP | P16: INSERT INTO | Q16: FILE_ATTR_TBL | R16: VALUES( | S16: ="'"&I16&"'"&" , "&"'"&J16&"'"&" , "&"'"&K16&"'"&" , "&"'"&L16&"'" &", "&"'"&M16&"'"&","&"'"&N16&"'" -> 'P' , 'N' , 'LF・OLION' , 'N', 'N','CIFUP' | T16: ); | V16: =IF(I16="","",EXACT(I16,AC16)) -> FALSE | W16: =IF(J16="","",EXACT(J16,AD16)) -> FALSE | X16: =IF(K16="","",EXACT(K16,AE16)) -> FALSE | Y16: =IF(L16="","",EXACT(L16,AF16)) -> FALSE | Z16: =IF(M16="","",EXACT(M16,AG16)) -> FALSE | AA16: =IF(N16="","",EXACT(N16,AH16)) -> FALSE
H17: 可 | I17: Q | J17: N | K17: LF・NEON | L17: N | M17: N | N17: CIFUP | P17: INSERT INTO | Q17: FILE_ATTR_TBL | R17: VALUES( | S17: ="'"&I17&"'"&" , "&"'"&J17&"'"&" , "&"'"&K17&"'"&" , "&"'"&L17&"'" &", "&"'"&M17&"'"&","&"'"&N17&"'" -> 'Q' , 'N' , 'LF・NEON' , 'N', 'N','CIFUP' | T17: ); | V17: =IF(I17="","",EXACT(I17,AC17)) -> FALSE | W17: =IF(J17="","",EXACT(J17,AD17)) -> FALSE | X17: =IF(K17="","",EXACT(K17,AE17)) -> FALSE | Y17: =IF(L17="","",EXACT(L17,AF17)) -> FALSE | Z17: =IF(M17="","",EXACT(M17,AG17)) -> FALSE | AA17: =IF(N17="","",EXACT(N17,AH17)) -> FALSE
... H20: 可 | I20: T | J20: N | K20: LF・DM送付先一覧 | L20: N | M20: N | N20: CIFUP | P20: INSERT INTO | Q20: FILE_ATTR_TBL | R20: VALUES( | S20: ="'"&I20&"'"&" , "&"'"&J20&"'"&" , "&"'"&K20&"'"&" , "&"'"&L20&"'" &", "&"'"&M20&"'"&","&"'"&N20&"'" -> 'T' , 'N' , 'LF・DM送付先一覧' , 'N', 'N','CIFUP' | T20: ); | V20: =IF(I20="","",EXACT(I20,AC20)) -> FALSE | W20: =IF(J20="","",EXACT(J20,AD20)) -> FALSE | X20: =IF(K20="","",EXACT(K20,AE20)) -> FALSE | Y20: =IF(L20="","",EXACT(L20,AF20)) -> FALSE | Z20: =IF(M20="","",EXACT(M20,AG20)) -> FALSE | AA20: =IF(N20="","",EXACT(N20,AH20)) -> FALSE

Sheet 13_ファイル属性設定
A1: パッケージ標準 | D1: 一覧へ | E1: ='[1]1_プロファイルマスタ'!$H$1 -> 横浜銀行様用出荷設定 | G1: 実行権限名 | H1: 実行権限名 | I1: SQL
A2: EXEC_AUTH_ID | B2: FILE_ATTR | C2: 構築資材 | D2: 変更可否 | E2: EXEC_AUTH_ID | F2: FILE_ATTR | G2: 数式 | H2: 数式 | I2: 固定 | J2: 固定 | K2: 固定 | L2: 数式 | M2: 固定 | O2: EXEC_AUTH_ID | P2: FILE_ATTR
A3: 501 | B3: B | C3: 〇 | D3: 不可 | E3: 501 | F3: B | G3: =VLOOKUP(A3,'[3]10_実行権限マスタ'!$A$3:$C$117,3,FALSE) -> 全量CIFファイル | H3: =VLOOKUP(E3,'[3]10_実行権限マスタ'!$F$3:$H$400,3,FALSE) -> 全量CIFファイル | I3: INSERT INTO | J3: FILE_ATTR_PRF_TBL | K3: VALUES( | L3: =E3&" , "&"'"&F3&"'" -> 501 , 'B' | M3: ); | O3: =IF(E3="","",EXACT(E3,R3)) -> FALSE | P3: =IF(F3="","",EXACT(F3,S3)) -> FALSE
